0.0000,0.0407,0.2401,-0.8508
0.0335,0.0482,0.2129,-0.8378
0.0670,0.0559,0.1852,-0.8299
0.1004,0.0623,0.1571,-0.8257
0.1339,0.0675,0.1287,-0.8240
0.1674,0.0713,0.1002,-0.8234
0.2009,0.0750,0.0718,-0.8228
0.2343,0.0777,0.0435,-0.8208
0.2678,0.0790,0.0157,-0.8161
0.3013,0.0790,-0.0117,-0.8075
0.3348,0.0790,-0.0383,-0.7937
0.3683,0.0777,-0.0685,-0.7624
0.4017,0.0765,-0.0877,-0.7188
0.4352,0.0726,-0.1126,-0.6684
0.4687,0.0689,-0.1341,-0.6089
0.5022,0.0638,-0.1545,-0.5461
0.5357,0.0575,-0.1710,-0.4886
0.5691,0.0536,-0.1906,-0.4250
0.6026,0.0459,-0.2205,-0.3588
0.6361,0.0396,-0.2283,-0.2986
0.6696,0.0332,-0.2328,-0.2237
0.7030,0.0243,-0.2342,-0.1747
0.7365,0.0180,-0.2365,-0.0858
0.7700,0.0078,-0.2389,-0.0227
0.8035,0.0002,-0.2397,0.0457
0.8370,-0.0086,-0.2408,0.1193
0.8704,-0.0179,-0.2407,0.2017
0.9039,-0.0278,-0.2348,0.2577
0.9374,-0.0355,-0.2280,0.2392
0.9709,-0.0355,-0.2195,0.3008
1.0044,-0.0435,-0.2048,0.3680
1.0378,-0.0511,-0.1941,0.4552
1.0713,-0.0598,-0.1744,0.5162
1.1048,-0.0659,-0.1611,0.5835
1.1383,-0.0725,-0.1407,0.6412
1.1717,-0.0775,-0.1193,0.6848
1.2052,-0.0814,-0.1001,0.7206
1.2387,-0.0852,-0.0840,0.7434
1.2722,-0.0863,-0.0621,0.7742
1.3057,-0.0890,-0.0185,0.7814
1.3391,-0.0890,0.0094,0.7958
1.3726,-0.0891,0.0378,0.7827
1.4061,-0.0877,0.0580,0.7806
1.4396,-0.0857,0.0869,0.7526
1.4730,-0.0826,0.1094,0.7173
1.5065,-0.0787,0.1321,0.6803
1.5400,-0.0749,0.1544,0.6336
1.5735,-0.0698,0.1734,0.5532
1.6070,-0.0634,0.1969,0.4778
1.6404,-0.0569,0.2100,0.4472
1.6739,-0.0506,0.2265,0.3819
1.7074,-0.0429,0.2380,0.3212
1.7409,-0.0353,0.2497,0.2252
1.7744,-0.0253,0.2571,0.1545
1.8078,-0.0176,0.2611,0.0695
1.8413,-0.0086,0.2668,-0.0189
1.8748,0.0004,0.2674,-0.1049
1.9083,0.0094,0.2611,-0.2027
1.9417,0.0184,0.2569,-0.2696
1.9752,0.0260,0.2463,-0.3643
2.0087,0.0349,0.2328,-0.4395
2.0422,0.0427,0.2186,-0.5170
2.0757,0.0503,0.1986,-0.5850
2.1091,0.0567,0.1823,-0.6491
2.1426,0.0630,0.1599,-0.7101
2.1761,0.0695,0.1354,-0.7398
2.2096,0.0733,0.1108,-0.7700
2.2431,0.0759,0.0840,-0.8036
2.2765,0.0797,0.0603,-0.8075
2.3100,0.0811,0.0292,-0.8160
2.3435,0.0827,0.0029,-0.8105
2.3770,0.0827,-0.0254,-0.7897
2.4104,0.0814,-0.0529,-0.7808
2.4439,0.0801,-0.0787,-0.7453
2.4774,0.0775,-0.1032,-0.7142
2.5109,0.0735,-0.1243,-0.6768
2.5444,0.0697,-0.1495,-0.6296
2.5778,0.0646,-0.1704,-0.5843
2.6113,0.0594,-0.1871,-0.5198
2.6448,0.0518,-0.2061,-0.4727
2.6783,0.0454,-0.2199,-0.4106
2.7118,0.0378,-0.2344,-0.3429
2.7452,0.0301,-0.2492,-0.2775
2.7787,0.0225,-0.2566,-0.2001
2.8122,0.0136,-0.2642,-0.1197
2.8457,0.0046,-0.2675,-0.0246
2.8791,-0.0042,-0.2687,0.0485
2.9126,-0.0121,-0.2683,0.1503
2.9461,-0.0221,-0.2629,0.2506
2.9796,-0.0314,-0.2567,0.3430
3.0131,-0.0400,-0.2445,0.4401
3.0465,-0.0489,-0.2289,0.5294
3.0800,-0.0566,-0.2130,0.5911
3.1135,-0.0629,-0.1910,0.6723
3.1470,-0.0698,-0.1689,0.7344
3.1804,-0.0749,-0.1433,0.7881
3.2139,-0.0808,-0.1181,0.8229
3.2474,-0.0846,-0.0843,0.8376
3.2809,-0.0871,-0.0590,0.8511
3.3144,-0.0885,-0.0300,0.8484
3.3478,-0.0896,-0.0016,0.8358
3.3813,-0.0896,0.0261,0.8218
3.4148,-0.0896,0.0516,0.7861
3.4483,-0.0870,0.0832,0.7470
3.4818,-0.0844,0.1059,0.7024
3.5152,-0.0807,0.1279,0.6586
3.5487,-0.0767,0.1478,0.6043
3.5822,-0.0708,0.1682,0.5725
3.6157,-0.0663,0.1897,0.5082
3.6491,-0.0591,0.2065,0.4529
3.6826,-0.0525,0.2203,0.3956
3.7161,-0.0448,0.2344,0.3344
3.7496,-0.0374,0.2428,0.2616
3.7831,-0.0285,0.2519,0.2076
3.8165,-0.0218,0.2609,0.1294
3.8500,-0.0129,0.2661,0.0373
3.8835,-0.0027,0.2678,-0.0414
3.9170,0.0063,0.2678,-0.1339
3.9505,0.0152,0.2612,-0.2050
3.9839,0.0229,0.2568,-0.2900
4.0174,0.0319,0.2473,-0.3834
4.0509,0.0407,0.2337,-0.4644
4.0844,0.0484,0.2169,-0.5597
4.1178,0.0561,0.1989,-0.6322
4.1513,0.0637,0.1755,-0.6941
4.1848,0.0689,0.1518,-0.7416
4.2183,0.0739,0.1321,-0.7846
4.2518,0.0778,0.1021,-0.8085
4.2852,0.0816,0.0776,-0.8404
4.3187,0.0842,0.0448,-0.8396
4.3522,0.0854,0.0142,-0.8399
4.3857,0.0854,-0.0133,-0.8272
4.4191,0.0855,-0.0425,-0.8045
4.4526,0.0842,-0.0654,-0.7859
4.4861,0.0829,-0.0917,-0.7585
4.5196,0.0793,-0.1151,-0.7175
4.5531,0.0754,-0.1399,-0.6550
4.5865,0.0690,-0.1615,-0.6165
4.6200,0.0651,-0.1843,-0.5566
4.6535,0.0575,-0.2005,-0.5093
4.6870,0.0512,-0.2199,-0.4638
4.7205,0.0448,-0.2334,-0.4016
4.7539,0.0371,-0.2473,-0.3397
4.7874,0.0295,-0.2613,-0.2531
4.8209,0.0193,-0.2657,-0.1769
4.8544,0.0117,-0.2706,-0.0768
4.8878,0.0014,-0.2753,0.0051
4.9213,-0.0074,-0.2791,0.1089
4.9548,-0.0176,-0.2755,0.1940
4.9883,-0.0254,-0.2699,0.3074
5.0218,-0.0354,-0.2616,0.3872
5.0552,-0.0433,-0.2456,0.4943
5.0887,-0.0533,-0.2284,0.5775
5.1222,-0.0608,-0.2074,0.6416
5.1557,-0.0665,-0.1866,0.7201
5.1892,-0.0735,-0.1593,0.7888
5.2226,-0.0800,-0.1369,0.8220
5.2561,-0.0838,-0.1053,0.8527
5.2896,-0.0875,-0.0793,0.8639
5.3231,-0.0888,-0.0463,0.8727
5.3565,-0.0915,-0.0215,0.8595
5.3900,-0.0913,0.0133,0.8480
5.4235,-0.0913,0.0370,0.8266
5.4570,-0.0900,0.0647,0.7925
5.4905,-0.0874,0.0939,0.7616
5.5239,-0.0849,0.1187,0.7316
5.5574,-0.0810,0.1387,0.6654
5.5909,-0.0753,0.1652,0.6326
5.6244,-0.0710,0.1826,0.5685
5.6579,-0.0645,0.2048,0.5240
5.6913,-0.0581,0.2195,0.4427
5.7248,-0.0492,0.2356,0.4037
5.7583,-0.0427,0.2491,0.3210
5.7918,-0.0338,0.2595,0.2494
5.8252,-0.0252,0.2720,0.1746
5.8587,-0.0160,0.2748,0.0921
5.8922,-0.0070,0.2752,-0.0018
5.9257,0.0030,0.2810,-0.0809
5.9592,0.0108,0.2744,-0.1891
5.9926,0.0210,0.2707,-0.2742
6.0261,0.0299,0.2597,-0.3696
6.0596,0.0389,0.2532,-0.4614
6.0931,0.0478,0.2327,-0.5398
6.1265,0.0555,0.2163,-0.6231
6.1600,0.0631,0.1937,-0.6818
6.1935,0.0683,0.1712,-0.7475
6.2270,0.0746,0.1458,-0.8116
6.2605,0.0809,0.1173,-0.8374
6.2939,0.0837,0.0867,-0.8753
6.3274,0.0875,0.0607,-0.8793
6.3609,0.0888,0.0306,-0.8897
6.3944,0.0901,-0.0000,-0.8575
6.4279,0.0889,-0.0276,-0.8522
6.4613,0.0887,-0.0592,-0.8208
6.4948,0.0862,-0.0857,-0.7968
6.5283,0.0838,-0.1134,-0.7482
6.5618,0.0798,-0.1391,-0.7058
6.5952,0.0748,-0.1598,-0.6624
6.6287,0.0710,-0.1817,-0.6172
6.6622,0.0645,-0.1990,-0.5507
6.6957,0.0570,-0.2192,-0.4884
6.7292,0.0493,-0.2332,-0.4257
6.7626,0.0416,-0.2520,-0.3468
6.7961,0.0327,-0.2633,-0.2861
6.8296,0.0251,-0.2740,-0.2056
6.8631,0.0162,-0.2783,-0.1206
6.8966,0.0060,-0.2860,-0.0351
6.9300,-0.0029,-0.2866,0.0668
6.9635,-0.0120,-0.2836,0.1706
6.9970,-0.0222,-0.2771,0.2777
7.0305,-0.0321,-0.2696,0.3737
7.0639,-0.0409,-0.2580,0.4838
7.0974,-0.0504,-0.2422,0.5590
7.1309,-0.0581,-0.2260,0.6438
7.1644,-0.0653,-0.2008,0.7196
7.1979,-0.0722,-0.1749,0.7898
7.2313,-0.0792,-0.1487,0.8284
7.2648,-0.0830,-0.1186,0.8619
7.2983,-0.0880,-0.0886,0.8878
7.3318,-0.0900,-0.0603,0.9012
7.3652,-0.0922,-0.0296,0.8999
7.3987,-0.0932,0.0014,0.8782
7.4322,-0.0932,0.0277,0.8524
7.4657,-0.0920,0.0595,0.8069
7.4992,-0.0893,0.0873,0.7764
7.5326,-0.0867,0.1112,0.7370
7.5661,-0.0830,0.1343,0.6912
7.5996,-0.0789,0.1582,0.6508
7.6331,-0.0740,0.1806,0.5992
7.6666,-0.0675,0.1996,0.5363
7.7000,-0.0603,0.2166,0.4789
7.7335,-0.0535,0.2300,0.4226
7.7670,-0.0459,0.2457,0.3443
7.8005,-0.0368,0.2579,0.2827
7.8339,-0.0293,0.2705,0.2076
7.8674,-0.0204,0.2772,0.1171
7.9009,-0.0102,0.2821,0.0358
7.9344,-0.0013,0.2835,-0.0590
7.9679,0.0089,0.2796,-0.1425
8.0013,0.0166,0.2750,-0.2321
8.0348,0.0267,0.2689,-0.3347
8.0683,0.0358,0.2576,-0.4376
8.1018,0.0458,0.2414,-0.5233
8.1353,0.0535,0.2256,-0.6023
8.1687,0.0612,0.2038,-0.6734
8.2022,0.0676,0.1813,-0.7389
8.2357,0.0739,0.1593,-0.7882
8.2692,0.0791,0.1290,-0.8167
8.3026,0.0829,0.1040,-0.8585
8.3361,0.0867,0.0722,-0.8808
8.3696,0.0893,0.0392,-0.8786
8.4031,0.0905,0.0116,-0.8720
8.4366,0.0905,-0.0163,-0.8624
8.4700,0.0906,-0.0452,-0.8371
8.5035,0.0893,-0.0749,-0.8133
8.5370,0.0867,-0.1000,-0.7690
8.5705,0.0829,-0.1238,-0.7225
8.6040,0.0780,-0.1475,-0.6902
8.6374,0.0740,-0.1756,-0.6291
8.6709,0.0676,-0.1938,-0.5736
8.7044,0.0601,-0.2108,-0.5316
8.7379,0.0549,-0.2297,-0.4646
8.7713,0.0461,-0.2457,-0.3919
8.8048,0.0384,-0.2589,-0.3202
8.8383,0.0296,-0.2696,-0.2545
8.8718,0.0219,-0.2763,-0.1619
8.9053,0.0118,-0.2860,-0.0591
8.9387,0.0016,-0.2885,0.0444
8.9722,-0.0086,-0.2848,0.1241
9.0057,-0.0164,-0.2819,0.2281
9.0392,-0.0266,-0.2776,0.3399
9.0726,-0.0368,-0.2637,0.4379
9.1061,-0.0454,-0.2500,0.5275
9.1396,-0.0543,-0.2334,0.6137
9.1731,-0.0619,-0.2122,0.6901
9.2066,-0.0687,-0.1835,0.7677
9.2400,-0.0759,-0.1579,0.8061
9.2735,-0.0797,-0.1327,0.8398
9.3070,-0.0847,-0.1060,0.8810
9.3405,-0.0885,-0.0729,0.8937
9.3740,-0.0910,-0.0415,0.8920
9.4074,-0.0924,-0.0134,0.8795
9.4409,-0.0922,0.0151,0.8649
9.4744,-0.0923,0.0449,0.8230
9.5079,-0.0897,0.0727,0.7889
9.5413,-0.0873,0.1000,0.7677
9.5748,-0.0846,0.1215,0.7288
9.6083,-0.0809,0.1476,0.6712
9.6418,-0.0756,0.1729,0.6197
9.6753,-0.0697,0.1906,0.5667
9.7087,-0.0628,0.2095,0.5197
9.7422,-0.0565,0.2239,0.4556
9.7757,-0.0489,0.2424,0.3834
9.8092,-0.0400,0.2520,0.3172
9.8427,-0.0324,0.2677,0.2454
9.8761,-0.0235,0.2767,0.1684
9.9096,-0.0146,0.2800,0.0702
9.9431,-0.0046,0.2814,-0.0166
9.9766,0.0057,0.2845,-0.0940
10.0100,0.0134,0.2791,-0.1986
10.0435,0.0236,0.2755,-0.2904
10.0770,0.0325,0.2635,-0.3906
10.1105,0.0427,0.2502,-0.4793
10.1440,0.0503,0.2363,-0.5721
10.1774,0.0592,0.2167,-0.6410
10.2109,0.0656,0.1935,-0.7030
10.2444,0.0720,0.1685,-0.7714
10.2779,0.0784,0.1442,-0.8242
10.3113,0.0835,0.1175,-0.8449
10.3448,0.0860,0.0851,-0.8797
10.3783,0.0899,0.0576,-0.8829
10.4118,0.0912,0.0262,-0.8824
10.4453,0.0924,-0.0046,-0.8789
10.4787,0.0924,-0.0322,-0.8529
10.5122,0.0912,-0.0612,-0.8238
10.5457,0.0886,-0.0884,-0.7988
10.5792,0.0861,-0.1167,-0.7631
10.6127,0.0822,-0.1394,-0.7142
10.6461,0.0771,-0.1615,-0.6646
10.6796,0.0721,-0.1872,-0.6221
10.7131,0.0657,-0.2044,-0.5550
10.7466,0.0581,-0.2232,-0.4989
10.7800,0.0505,-0.2424,-0.4439
10.8135,0.0441,-0.2551,-0.3618
10.8470,0.0341,-0.2686,-0.2941
10.8805,0.0264,-0.2804,-0.2046
10.9140,0.0162,-0.2857,-0.1192
10.9474,0.0074,-0.2899,-0.0176
10.9809,-0.0027,-0.2920,0.0899
11.0144,-0.0127,-0.2892,0.1851
11.0479,-0.0221,-0.2820,0.2979
11.0814,-0.0323,-0.2758,0.4097
11.1148,-0.0424,-0.2628,0.4933
11.1483,-0.0500,-0.2426,0.5994
11.1818,-0.0591,-0.2260,0.6715
11.2153,-0.0663,-0.1986,0.7425
11.2487,-0.0727,-0.1741,0.8071
11.2822,-0.0790,-0.1458,0.8579
11.3157,-0.0839,-0.1162,0.8897
11.3492,-0.0878,-0.0865,0.9042
11.3827,-0.0903,-0.0549,0.9195
11.4161,-0.0928,-0.0241,0.8962
11.4496,-0.0928,0.0023,0.8810
11.4831,-0.0928,0.0365,0.8603
11.5166,-0.0914,0.0607,0.8154
11.5501,-0.0889,0.0925,0.7901
11.5835,-0.0863,0.1177,0.7467
11.6170,-0.0827,0.1423,0.6992
11.6505,-0.0775,0.1637,0.6552
11.6840,-0.0723,0.1840,0.6009
11.7174,-0.0660,0.2058,0.5415
11.7509,-0.0590,0.2205,0.4867
11.7844,-0.0520,0.2407,0.4138
11.8179,-0.0431,0.2530,0.3544
11.8514,-0.0356,0.2657,0.2691
11.8848,-0.0253,0.2774,0.1985
11.9183,-0.0178,0.2829,0.1104
11.9518,-0.0077,0.2863,0.0320
11.9853,0.0013,0.2888,-0.0709
12.0187,0.0115,0.2847,-0.1772
12.0522,0.0217,0.2792,-0.2639
12.0857,0.0306,0.2732,-0.3782
12.1192,0.0408,0.2597,-0.4551
12.1527,0.0484,0.2440,-0.5525
12.1861,0.0574,0.2251,-0.6331
12.2196,0.0650,0.2041,-0.7017
12.2531,0.0714,0.1801,-0.7672
12.2866,0.0777,0.1557,-0.8153
12.3201,0.0829,0.1226,-0.8514
12.3535,0.0868,0.0951,-0.8892
12.3870,0.0906,0.0680,-0.9019
12.4205,0.0931,0.0343,-0.8848
12.4540,0.0931,0.0082,-0.8798
12.4874,0.0932,-0.0259,-0.8695
12.5209,0.0933,-0.0533,-0.8379
12.5544,0.0906,-0.0817,-0.8166
12.5879,0.0894,-0.1080,-0.7698
12.6214,0.0843,-0.1327,-0.7225
12.6548,0.0791,-0.1586,-0.7015
12.6883,0.0753,-0.1811,-0.6507
12.7218,0.0690,-0.1979,-0.5918
12.7553,0.0614,-0.2167,-0.5400
12.7888,0.0550,-0.2400,-0.4606
12.8222,0.0461,-0.2561,-0.3996
12.8557,0.0385,-0.2670,-0.3232
12.8892,0.0296,-0.2822,-0.2452
12.9227,0.0207,-0.2860,-0.1527
12.9561,0.0105,-0.2964,-0.0534
12.9896,0.0004,-0.3011,0.0363
13.0231,-0.0086,-0.2950,0.1403
13.0566,-0.0189,-0.2901,0.2667
13.0901,-0.0303,-0.2807,0.3783
13.1235,-0.0401,-0.2682,0.4674
13.1570,-0.0481,-0.2553,0.5606
13.1905,-0.0570,-0.2369,0.6565
13.2240,-0.0656,-0.2143,0.7227
13.2574,-0.0719,-0.1877,0.8006
13.2909,-0.0788,-0.1614,0.8325
13.3244,-0.0831,-0.1335,0.8632
13.3579,-0.0870,-0.0996,0.9017
13.3914,-0.0909,-0.0675,0.9103
13.4248,-0.0933,-0.0402,0.9303
13.4583,-0.0961,-0.0102,0.9196
13.4918,-0.0961,0.0211,0.9005
13.5253,-0.0954,0.0509,0.8651
13.5588,-0.0927,0.0779,0.8275
13.5922,-0.0900,0.1057,0.7843
13.6257,-0.0865,0.1299,0.7456
13.6592,-0.0819,0.1591,0.6882
13.6927,-0.0762,0.1832,0.6415
13.7261,-0.0705,0.2035,0.5895
13.7596,-0.0642,0.2270,0.5180
13.7931,-0.0565,0.2380,0.4538
13.8266,-0.0489,0.2546,0.3809
13.8601,-0.0399,0.2642,0.3052
13.8935,-0.0313,0.2759,0.2188
13.9270,-0.0221,0.2842,0.1306
13.9605,-0.0120,0.2922,0.0309
13.9940,-0.0018,0.2902,-0.0518
14.0275,0.0071,0.2904,-0.1436
14.0609,0.0173,0.2862,-0.2401
14.0944,0.0275,0.2783,-0.3209
14.1279,0.0351,0.2687,-0.4274
14.1614,0.0453,0.2520,-0.5110
14.1948,0.0529,0.2353,-0.6067
14.2283,0.0618,0.2143,-0.6829
14.2618,0.0694,0.1912,-0.7532
14.2953,0.0758,0.1661,-0.7948
14.3288,0.0797,0.1402,-0.8548
14.3622,0.0862,0.1106,-0.8847
14.3957,0.0900,0.0809,-0.8984
14.4292,0.0925,0.0503,-0.9096
14.4627,0.0939,0.0181,-0.9033
14.4961,0.0938,-0.0121,-0.8928
14.5296,0.0938,-0.0440,-0.8688
14.5631,0.0925,-0.0718,-0.8359
14.5966,0.0900,-0.0996,-0.8054
14.6301,0.0862,-0.1241,-0.7580
14.6635,0.0824,-0.1526,-0.7084
14.6970,0.0773,-0.1727,-0.6530
14.7305,0.0710,-0.1937,-0.5942
14.7640,0.0646,-0.2160,-0.5397
14.7975,0.0582,-0.2327,-0.4668
14.8309,0.0493,-0.2479,-0.4053
14.8644,0.0417,-0.2621,-0.3287
14.8979,0.0328,-0.2732,-0.2454
14.9314,0.0239,-0.2839,-0.1630
14.9648,0.0150,-0.2870,-0.0674
14.9983,0.0048,-0.2914,0.0281
15.0318,-0.0054,-0.2899,0.1331
15.0653,-0.0154,-0.2875,0.2384
15.0988,-0.0253,-0.2810,0.3203
15.1322,-0.0334,-0.2664,0.4247
15.1657,-0.0429,-0.2565,0.5244
15.1992,-0.0526,-0.2343,0.6034
15.2327,-0.0602,-0.2158,0.6807
15.2662,-0.0674,-0.1929,0.7408
15.2996,-0.0728,-0.1653,0.8050
15.3331,-0.0801,-0.1367,0.8384
15.3666,-0.0837,-0.1111,0.8759
15.4001,-0.0877,-0.0819,0.8902
15.4335,-0.0902,-0.0540,0.8848
15.4670,-0.0913,-0.0181,0.8862
15.5005,-0.0927,0.0100,0.8585
15.5340,-0.0913,0.0362,0.8475
15.5675,-0.0916,0.0666,0.8155
15.6009,-0.0888,0.0937,0.7713
15.6344,-0.0851,0.1201,0.7404
15.6679,-0.0812,0.1424,0.6997
15.7014,-0.0774,0.1676,0.6406
15.7349,-0.0710,0.1860,0.5800
15.7683,-0.0648,0.2039,0.5137
15.8018,-0.0571,0.2240,0.4703
15.8353,-0.0508,0.2400,0.4034
15.8688,-0.0422,0.2548,0.3212
15.9022,-0.0333,0.2650,0.2533
15.9357,-0.0253,0.2724,0.1802
15.9692,-0.0164,0.2814,0.1001
16.0027,-0.0062,0.2820,0.0130
16.0362,0.0026,0.2813,-0.0709
16.0696,0.0116,0.2794,-0.1721
16.1031,0.0218,0.2760,-0.2775
16.1366,0.0320,0.2687,-0.3649
16.1701,0.0408,0.2545,-0.4502
16.2035,0.0487,0.2391,-0.5386
16.2370,0.0574,0.2241,-0.6149
16.2705,0.0638,0.2034,-0.6974
16.3040,0.0714,0.1783,-0.7490
16.3375,0.0765,0.1526,-0.8078
16.3709,0.0829,0.1230,-0.8513
16.4044,0.0867,0.0929,-0.8837
16.4379,0.0906,0.0634,-0.8838
16.4714,0.0918,0.0360,-0.8918
16.5049,0.0932,0.0054,-0.8841
16.5383,0.0932,-0.0269,-0.8734
16.5718,0.0932,-0.0534,-0.8395
16.6053,0.0907,-0.0840,-0.7978
16.6388,0.0869,-0.1074,-0.7533
16.6722,0.0831,-0.1344,-0.7127
16.7057,0.0792,-0.1573,-0.6735
16.7392,0.0741,-0.1795,-0.6253
16.7727,0.0678,-0.1973,-0.5706
16.8062,0.0614,-0.2213,-0.5013
16.8396,0.0538,-0.2343,-0.4382
16.8731,0.0463,-0.2512,-0.3749
16.9066,0.0386,-0.2612,-0.2945
16.9401,0.0297,-0.2706,-0.2188
16.9736,0.0208,-0.2802,-0.1188
17.0070,0.0106,-0.2888,-0.0320
17.0405,0.0005,-0.2895,0.0645
17.0740,-0.0085,-0.2858,0.1655
17.1075,-0.0185,-0.2804,0.2718
17.1409,-0.0287,-0.2713,0.3565
17.1744,-0.0362,-0.2605,0.4622
17.2079,-0.0465,-0.2441,0.5421
17.2414,-0.0540,-0.2245,0.6339
17.2749,-0.0615,-0.2022,0.7191
17.3083,-0.0691,-0.1775,0.7791
17.3418,-0.0755,-0.1540,0.8144
17.3753,-0.0793,-0.1254,0.8423
17.4088,-0.0832,-0.0956,0.8785
17.4422,-0.0868,-0.0668,0.8928
17.4757,-0.0894,-0.0366,0.8985
17.5092,-0.0907,-0.0053,0.8778
17.5427,-0.0907,0.0231,0.8587
17.5762,-0.0901,0.0552,0.8280
17.6096,-0.0880,0.0826,0.8014
17.6431,-0.0856,0.1053,0.7581
17.6766,-0.0818,0.1293,0.7064
17.7101,-0.0765,0.1543,0.6516
17.7436,-0.0720,0.1809,0.5969
17.7770,-0.0658,0.1978,0.5384
17.8105,-0.0588,0.2151,0.4786
17.8440,-0.0525,0.2283,0.4147
17.8775,-0.0435,0.2446,0.3490
17.9109,-0.0359,0.2561,0.2917
17.9444,-0.0283,0.2676,0.2195
17.9779,-0.0195,0.2713,0.1345
18.0114,-0.0095,0.2772,0.0506
18.0449,-0.0003,0.2784,-0.0357
18.0783,0.0097,0.2795,-0.0965
18.1118,0.0174,0.2770,-0.1985
18.1453,0.0275,0.2703,-0.2895
18.1788,0.0365,0.2603,-0.3958
18.2123,0.0465,0.2497,-0.4724
18.2457,0.0542,0.2333,-0.5585
18.2792,0.0619,0.2129,-0.6326
18.3127,0.0682,0.1916,-0.7136
18.3462,0.0758,0.1681,-0.7746
18.3796,0.0809,0.1416,-0.8363
18.4131,0.0872,0.1160,-0.8672
18.4466,0.0899,0.0795,-0.8849
18.4801,0.0924,0.0521,-0.9049
18.5136,0.0949,0.0205,-0.9063
18.5470,0.0950,-0.0058,-0.8875
18.5805,0.0950,-0.0392,-0.8694
18.6140,0.0937,-0.0685,-0.8364
18.6475,0.0912,-0.0970,-0.7992
18.6810,0.0873,-0.1232,-0.7555
18.7144,0.0835,-0.1484,-0.7058
18.7479,0.0784,-0.1678,-0.6387
18.7814,0.0721,-0.1909,-0.6117
18.8149,0.0670,-0.2136,-0.5443
18.8483,0.0594,-0.2287,-0.4886
18.8818,0.0518,-0.2443,-0.4063
18.9153,0.0430,-0.2591,-0.3478
18.9488,0.0354,-0.2688,-0.2707
18.9823,0.0265,-0.2806,-0.1835
19.0157,0.0164,-0.2872,-0.0968
19.0492,0.0075,-0.2903,-0.0044
19.0827,-0.0027,-0.2916,0.1070
19.1162,-0.0127,-0.2933,0.2094
19.1496,-0.0228,-0.2817,0.3041
19.1831,-0.0313,-0.2736,0.4179
19.2166,-0.0410,-0.2580,0.5177
19.2501,-0.0506,-0.2434,0.6080
19.2836,-0.0581,-0.2194,0.7012
19.3170,-0.0664,-0.1950,0.7582
19.3505,-0.0721,-0.1711,0.8245
19.3840,-0.0785,-0.1415,0.8743
19.4175,-0.0835,-0.1108,0.9041
19.4510,-0.0872,-0.0808,0.8965
19.4844,-0.0885,-0.0499,0.9145
19.5179,-0.0910,-0.0173,0.8943
19.5514,-0.0910,0.0108,0.8753
19.5849,-0.0911,0.0404,0.8373
19.6183,-0.0891,0.0690,0.8098
19.6518,-0.0873,0.0933,0.7782
19.6853,-0.0841,0.1237,0.7199
19.7188,-0.0796,0.1448,0.6748
19.7523,-0.0744,0.1649,0.6320
19.7857,-0.0695,0.1839,0.5837
19.8192,-0.0631,0.2075,0.5377
19.8527,-0.0568,0.2216,0.4808
19.8862,-0.0492,0.2392,0.4070
19.9197,-0.0403,0.2538,0.3430
19.9531,-0.0327,0.2669,0.2764
19.9866,-0.0234,0.2761,0.1875
20.0201,-0.0138,0.2798,0.1153
20.0536,-0.0058,0.2881,0.0263
20.0870,0.0041,0.2906,-0.0729
20.1205,0.0142,0.2880,-0.1719
20.1540,0.0244,0.2815,-0.2674
20.1875,0.0333,0.2683,-0.3747
20.2210,0.0434,0.2567,-0.4686
20.2544,0.0523,0.2447,-0.5485
20.2879,0.0599,0.2256,-0.6332
20.3214,0.0675,0.2020,-0.7048
20.3549,0.0739,0.1800,-0.7788
20.3883,0.0816,0.1543,-0.8168
20.4218,0.0854,0.1248,-0.8493
20.4553,0.0893,0.0958,-0.8737
20.4888,0.0918,0.0633,-0.8864
20.5223,0.0943,0.0350,-0.8984
20.5557,0.0968,0.0057,-0.8964
20.5892,0.0969,-0.0229,-0.8676
20.6227,0.0956,-0.0559,-0.8389
20.6562,0.0930,-0.0818,-0.8207
20.6897,0.0917,-0.1092,-0.7860
20.7231,0.0880,-0.1329,-0.7379
20.7566,0.0817,-0.1586,-0.6929
20.7901,0.0766,-0.1816,-0.6459
20.8236,0.0703,-0.2026,-0.6031
20.8570,0.0652,-0.2228,-0.5368
20.8905,0.0563,-0.2411,-0.4773
20.9240,0.0487,-0.2549,-0.4014
20.9575,0.0398,-0.2709,-0.3372
20.9910,0.0323,-0.2853,-0.2402
21.0244,0.0221,-0.2915,-0.1438
21.0579,0.0120,-0.2943,-0.0453
21.0914,0.0030,-0.2986,0.0580
21.1249,-0.0072,-0.2991,0.1642
21.1584,-0.0174,-0.2937,0.2804
21.1918,-0.0285,-0.2831,0.3929
21.2253,-0.0386,-0.2730,0.4814
21.2588,-0.0467,-0.2537,0.5913
21.2923,-0.0563,-0.2339,0.6733
21.3257,-0.0639,-0.2075,0.7374
21.3592,-0.0704,-0.1843,0.7993
21.3927,-0.0759,-0.1588,0.8622
21.4262,-0.0817,-0.1269,0.8982
21.4597,-0.0867,-0.0964,0.9096
21.4931,-0.0891,-0.0641,0.9129
21.5266,-0.0919,-0.0356,0.9032
21.5601,-0.0918,-0.0087,0.8791
21.5936,-0.0917,0.0271,0.8608
21.6271,-0.0917,0.0526,0.8353
21.6605,-0.0904,0.0804,0.8031
21.6940,-0.0880,0.1081,0.7548
21.7275,-0.0841,0.1355,0.6944
21.7610,-0.0791,0.1560,0.6534
21.7944,-0.0739,0.1746,0.6056
21.8279,-0.0676,0.1952,0.5559
21.8614,-0.0613,0.2135,0.4990
21.8949,-0.0541,0.2330,0.4218
21.9284,-0.0451,0.2486,0.3820
21.9618,-0.0384,0.2608,0.3129
21.9953,-0.0295,0.2674,0.2383
22.0288,-0.0206,0.2756,0.1642
22.0623,-0.0116,0.2812,0.0968
22.0957,-0.0029,0.2882,0.0071
22.1292,0.0074,0.2879,-0.0946
22.1627,0.0174,0.2843,-0.1963
22.1962,0.0276,0.2792,-0.2886
22.2297,0.0365,0.2689,-0.3878
22.2631,0.0454,0.2614,-0.4748
22.2966,0.0543,0.2422,-0.5634
22.3301,0.0620,0.2213,-0.6630
22.3636,0.0708,0.2004,-0.7442
22.3971,0.0773,0.1764,-0.8147
22.4305,0.0836,0.1461,-0.8540
22.4640,0.0873,0.1155,-0.8927
22.4975,0.0913,0.0854,-0.9232
22.5310,0.0950,0.0566,-0.9258
22.5644,0.0963,0.0215,-0.9288
22.5979,0.0976,-0.0066,-0.8965
22.6314,0.0964,-0.0396,-0.8832
22.6649,0.0951,-0.0710,-0.8506
22.6984,0.0938,-0.0971,-0.8104
22.7318,0.0900,-0.1225,-0.7605
22.7653,0.0849,-0.1455,-0.7114
22.7988,0.0798,-0.1709,-0.6574
22.8323,0.0748,-0.1928,-0.6089
22.8658,0.0684,-0.2104,-0.5415
22.8992,0.0608,-0.2312,-0.4937
22.9327,0.0544,-0.2463,-0.4099
22.9662,0.0444,-0.2634,-0.3481
22.9997,0.0367,-0.2726,-0.2835
23.0331,0.0279,-0.2833,-0.1992
23.0666,0.0190,-0.2883,-0.0957
23.1001,0.0089,-0.2917,-0.0005
23.1336,-0.0012,-0.2941,0.1021
23.1671,-0.0114,-0.2942,0.2098
23.2005,-0.0215,-0.2852,0.3214
23.2340,-0.0317,-0.2767,0.4120
23.2675,-0.0404,-0.2594,0.5120
23.3010,-0.0492,-0.2472,0.5899
23.3344,-0.0568,-0.2252,0.6827
23.3679,-0.0658,-0.1984,0.7434
23.4014,-0.0707,-0.1700,0.8024
23.4349,-0.0773,-0.1464,0.8628
23.4684,-0.0835,-0.1137,0.8943
23.5018,-0.0874,-0.0851,0.8928
23.5353,-0.0884,-0.0569,0.9059
23.5688,-0.0910,-0.0283,0.8981
23.6023,-0.0916,0.0037,0.8841
23.6358,-0.0916,0.0326,0.8436
23.6692,-0.0898,0.0636,0.8108
23.7027,-0.0872,0.0879,0.7845
23.7362,-0.0854,0.1172,0.7474
23.7697,-0.0822,0.1446,0.6881
23.8031,-0.0757,0.1623,0.6613
23.8366,-0.0720,0.1811,0.6085
23.8701,-0.0656,0.2056,0.5475
23.9036,-0.0581,0.2219,0.4749
23.9371,-0.0503,0.2358,0.4112
23.9705,-0.0427,0.2512,0.3364
24.0040,-0.0339,0.2647,0.2688
24.0375,-0.0252,0.2750,0.1891
24.0710,-0.0161,0.2800,0.1159
24.1045,-0.0062,0.2854,0.0466
24.1379,0.0016,0.2906,-0.0556
24.1714,0.0118,0.2831,-0.1671
24.2049,0.0219,0.2769,-0.2527
24.2384,0.0308,0.2674,-0.3465
24.2718,0.0398,0.2580,-0.4586
24.3053,0.0499,0.2440,-0.5460
24.3388,0.0575,0.2285,-0.6261
24.3723,0.0652,0.2088,-0.7035
24.4058,0.0727,0.1841,-0.7698
24.4392,0.0791,0.1576,-0.8148
24.4727,0.0829,0.1251,-0.8420
24.5062,0.0867,0.0947,-0.8813
24.5397,0.0906,0.0678,-0.9011
24.5732,0.0931,0.0362,-0.9130
24.6066,0.0956,0.0019,-0.8962
24.6401,0.0956,-0.0237,-0.8768
24.6736,0.0944,-0.0534,-0.8356
24.7071,0.0918,-0.0817,-0.7935
24.7405,0.0880,-0.1056,-0.7570
24.7740,0.0843,-0.1307,-0.7101
24.8075,0.0804,-0.1564,-0.6757
24.8410,0.0754,-0.1796,-0.6318
24.8745,0.0703,-0.1995,-0.5703
24.9079,0.0627,-0.2177,-0.5151
24.9414,0.0551,-0.2321,-0.4716
24.9749,0.0487,-0.2488,-0.3989
25.0084,0.0399,-0.2611,-0.3277
25.0418,0.0310,-0.2753,-0.2494
25.0753,0.0222,-0.2856,-0.1549
25.1088,0.0122,-0.2902,-0.0598
25.1423,0.0031,-0.2941,0.0373
25.1758,-0.0070,-0.2924,0.1443
25.2092,-0.0172,-0.2877,0.2554
25.2427,-0.0271,-0.2812,0.3687
25.2762,-0.0372,-0.2706,0.4741
25.3097,-0.0464,-0.2523,0.5649
25.3432,-0.0541,-0.2324,0.6549
25.3766,-0.0625,-0.2097,0.7243
25.4101,-0.0687,-0.1840,0.7904
25.4436,-0.0751,-0.1564,0.8458
25.4771,-0.0815,-0.1261,0.8786
25.5105,-0.0851,-0.0948,0.9004
25.5440,-0.0888,-0.0657,0.9081
25.5775,-0.0904,-0.0367,0.8950
25.6110,-0.0915,-0.0103,0.8715
25.6445,-0.0915,0.0200,0.8441
25.6779,-0.0902,0.0501,0.8147
25.7114,-0.0888,0.0789,0.7768
25.7449,-0.0863,0.1071,0.7373
25.7784,-0.0825,0.1296,0.6957
25.8119,-0.0787,0.1511,0.6509
25.8453,-0.0736,0.1718,0.6104
25.8788,-0.0686,0.1911,0.5581
25.9123,-0.0621,0.2084,0.5046
25.9458,-0.0547,0.2255,0.4283
25.9792,-0.0457,0.2404,0.3750
26.0127,-0.0381,0.2557,0.3042
26.0462,-0.0293,0.2657,0.2489
26.0797,-0.0217,0.2748,0.1824
26.1132,-0.0129,0.2807,0.0936
26.1466,-0.0028,0.2831,0.0055
26.1801,0.0061,0.2846,-0.0860
26.2136,0.0162,0.2806,-0.1850
26.2471,0.0251,0.2750,-0.2865
26.2805,0.0352,0.2643,-0.3931
26.3140,0.0441,0.2568,-0.4848
26.3475,0.0530,0.2377,-0.5642
26.3810,0.0606,0.2231,-0.6565
26.4145,0.0682,0.1965,-0.7295
26.4479,0.0746,0.1699,-0.7907
26.4814,0.0810,0.1449,-0.8462
26.5149,0.0861,0.1154,-0.8800
26.5484,0.0898,0.0838,-0.9043
26.5819,0.0924,0.0529,-0.9088
26.6153,0.0937,0.0213,-0.9092
26.6488,0.0951,-0.0054,-0.8807
26.6823,0.0938,-0.0370,-0.8683
26.7158,0.0938,-0.0694,-0.8122
26.7492,0.0899,-0.0941,-0.7825
26.7827,0.0875,-0.1198,-0.7487
26.8162,0.0837,-0.1448,-0.7011
26.8497,0.0785,-0.1657,-0.6470
26.8832,0.0722,-0.1863,-0.6018
26.9166,0.0671,-0.2055,-0.5453
26.9501,0.0595,-0.2251,-0.5009
26.9836,0.0532,-0.2414,-0.4271
27.0171,0.0432,-0.2570,-0.3619
27.0506,0.0355,-0.2658,-0.3036
27.0840,0.0279,-0.2812,-0.2088
27.1175,0.0178,-0.2891,-0.1230
27.1510,0.0077,-0.2922,-0.0334
27.1845,-0.0013,-0.2921,0.0785
27.2179,-0.0115,-0.2931,0.1857
27.2514,-0.0216,-0.2868,0.2962
27.2849,-0.0318,-0.2801,0.3997
27.3184,-0.0413,-0.2626,0.5014
27.3519,-0.0495,-0.2469,0.5928
27.3853,-0.0585,-0.2267,0.6954
27.4188,-0.0668,-0.1995,0.7559
27.4523,-0.0730,-0.1772,0.8119
27.4858,-0.0782,-0.1478,0.8589
27.5193,-0.0833,-0.1156,0.9031
27.5527,-0.0883,-0.0876,0.9143
27.5862,-0.0910,-0.0563,0.9147
27.6197,-0.0921,-0.0258,0.8860
27.6532,-0.0919,0.0046,0.8783
27.6866,-0.0919,0.0346,0.8540
27.7201,-0.0920,0.0643,0.8194
27.7536,-0.0895,0.0880,0.7906
27.7871,-0.0869,0.1148,0.7364
27.8206,-0.0817,0.1403,0.6920
27.8540,-0.0779,0.1646,0.6542
27.8875,-0.0730,0.1819,0.5947
27.9210,-0.0658,0.2002,0.5418
27.9545,-0.0590,0.2185,0.4854
27.9879,-0.0519,0.2407,0.4267
28.0214,-0.0442,0.2548,0.3649
28.0549,-0.0351,0.2650,0.3052
28.0884,-0.0274,0.2747,0.2190
28.1219,-0.0176,0.2813,0.1418
28.1553,-0.0083,0.2878,0.0508
28.1888,0.0016,0.2903,-0.0320
28.2223,0.0105,0.2874,-0.1356
28.2558,0.0207,0.2852,-0.2429
28.2893,0.0309,0.2784,-0.3474
28.3227,0.0410,0.2678,-0.4252
28.3562,0.0487,0.2536,-0.5255
28.3897,0.0575,0.2359,-0.6166
28.4232,0.0651,0.2121,-0.6977
28.4566,0.0727,0.1898,-0.7680
28.4901,0.0791,0.1618,-0.8258
28.5236,0.0854,0.1366,-0.8633
28.5571,0.0892,0.1048,-0.9052
28.5906,0.0930,0.0731,-0.9245
28.6240,0.0956,0.0430,-0.9279
28.6575,0.0969,0.0129,-0.9214
28.6910,0.0969,-0.0222,-0.9013
28.7245,0.0956,-0.0493,-0.8793
28.7580,0.0944,-0.0785,-0.8508
28.7914,0.0918,-0.1060,-0.8153
28.8249,0.0881,-0.1336,-0.7758
28.8584,0.0843,-0.1576,-0.7163
28.8919,0.0779,-0.1848,-0.6654
28.9253,0.0716,-0.2055,-0.6090
28.9588,0.0652,-0.2241,-0.5401
28.9923,0.0577,-0.2429,-0.4716
29.0258,0.0500,-0.2589,-0.4059
29.0593,0.0425,-0.2745,-0.3183
29.0927,0.0324,-0.2841,-0.2182
29.1262,0.0223,-0.2938,-0.1243
29.1597,0.0121,-0.2964,-0.0298
29.1932,0.0021,-0.2973,0.0811
29.2266,-0.0080,-0.2966,0.1730
29.2601,-0.0170,-0.2910,0.2811
29.2936,-0.0271,-0.2816,0.3857
29.3271,-0.0371,-0.2702,0.4826
29.3606,-0.0459,-0.2516,0.5727
29.3940,-0.0547,-0.2309,0.6427
29.4275,-0.0623,-0.2071,0.7172
29.4610,-0.0697,-0.1870,0.7708
29.4945,-0.0749,-0.1597,0.8246
29.5280,-0.0813,-0.1298,0.8615
29.5614,-0.0850,-0.1027,0.8836
29.5949,-0.0886,-0.0709,0.8917
29.6284,-0.0914,-0.0419,0.8929
29.6619,-0.0926,-0.0121,0.8691
29.6953,-0.0925,0.0165,0.8601
29.7288,-0.0925,0.0446,0.8283
29.7623,-0.0900,0.0752,0.8089
29.7958,-0.0887,0.1013,0.7586
29.8293,-0.0837,0.1274,0.7200
29.8627,-0.0799,0.1504,0.6829
29.8962,-0.0760,0.1726,0.6288
29.9297,-0.0697,0.1919,0.5754
29.9632,-0.0633,0.2110,0.5160
29.9967,-0.0558,0.2263,0.4520
30.0301,-0.0486,0.2453,0.3833
30.0636,-0.0397,0.2556,0.3104
30.0971,-0.0308,0.2709,0.2468
30.1306,-0.0229,0.2765,0.1726
30.1640,-0.0140,0.2846,0.0886
30.1975,-0.0039,0.2870,0.0007
30.2310,0.0050,0.2848,-0.0889
30.2645,0.0151,0.2809,-0.1921
30.2980,0.0252,0.2761,-0.2929
30.3314,0.0341,0.2667,-0.4057
30.3649,0.0442,0.2553,-0.4881
30.3984,0.0518,0.2404,-0.5857
30.4319,0.0606,0.2226,-0.6510
30.4653,0.0670,0.1990,-0.7304
30.4988,0.0734,0.1717,-0.7859
30.5323,0.0797,0.1454,-0.8441
30.5658,0.0848,0.1152,-0.8802
30.5993,0.0887,0.0825,-0.9125
30.6327,0.0925,0.0519,-0.9209
30.6662,0.0937,0.0209,-0.9163
30.6997,0.0950,-0.0053,-0.8979
30.7332,0.0938,-0.0369,-0.8673
30.7667,0.0925,-0.0646,-0.8298
30.8001,0.0900,-0.0956,-0.7840
30.8336,0.0862,-0.1220,-0.7539
30.8671,0.0823,-0.1480,-0.7019
30.9006,0.0773,-0.1674,-0.6455
30.9340,0.0710,-0.1915,-0.6107
30.9675,0.0659,-0.2086,-0.5570
31.0010,0.0596,-0.2258,-0.5052
31.0345,0.0520,-0.2425,-0.4192
31.0680,0.0431,-0.2569,-0.3490
31.1014,0.0343,-0.2701,-0.2673
31.1349,0.0255,-0.2796,-0.1959
31.1684,0.0166,-0.2906,-0.1078
31.2019,0.0066,-0.2910,-0.0159
31.2354,-0.0023,-0.2928,0.0997
31.2688,-0.0139,-0.2951,0.1973
31.3023,-0.0228,-0.2845,0.3091
31.3358,-0.0326,-0.2738,0.4195
31.3693,-0.0427,-0.2560,0.5216
31.4027,-0.0506,-0.2426,0.6175
31.4362,-0.0596,-0.2227,0.7038
31.4697,-0.0666,-0.1996,0.7735
31.5032,-0.0736,-0.1707,0.8190
31.5367,-0.0780,-0.1410,0.8807
31.5701,-0.0842,-0.1100,0.9091
31.6036,-0.0881,-0.0818,0.8945
31.6371,-0.0895,-0.0497,0.9087
31.6706,-0.0920,-0.0184,0.8898
31.7041,-0.0918,0.0113,0.8820
31.7375,-0.0931,0.0405,0.8311
31.7710,-0.0905,0.0681,0.7817
31.8045,-0.0880,0.0928,0.7298
31.8380,-0.0841,0.1191,0.6852
31.8714,-0.0804,0.1444,0.6458
31.9049,-0.0765,0.1605,0.5955
31.9384,-0.0703,0.1776,0.5369
31.9719,-0.0646,0.2015,0.4879
32.0054,-0.0575,0.2132,0.4389
32.0388,-0.0504,0.2293,0.3895
32.0723,-0.0436,0.2375,0.3346
32.1058,-0.0348,0.2513,0.2789
32.1393,-0.0273,0.2626,0.2029
32.1727,-0.0174,0.2714,0.1435
32.2062,-0.0098,0.2771,0.0675
32.2397,-0.0006,0.2762,-0.0293
32.2732,0.0094,0.2770,-0.1237
32.3067,0.0195,0.2753,-0.1986
32.3401,0.0271,0.2695,-0.3139
32.3736,0.0373,0.2600,-0.4144
32.4071,0.0461,0.2450,-0.5247
32.4406,0.0550,0.2279,-0.6096
32.4741,0.0626,0.2053,-0.6858
32.5075,0.0689,0.1852,-0.7455
32.5410,0.0753,0.1551,-0.8029
32.5745,0.0802,0.1290,-0.8610
32.6080,0.0854,0.1008,-0.8925
32.6414,0.0892,0.0690,-0.8964
32.6749,0.0905,0.0337,-0.8970
32.7084,0.0918,0.0057,-0.8798
32.7419,0.0917,-0.0219,-0.8546
32.7754,0.0906,-0.0488,-0.8231
32.8088,0.0893,-0.0765,-0.7919
32.8423,0.0868,-0.1029,-0.7414
32.8758,0.0829,-0.1312,-0.7068
32.9093,0.0792,-0.1541,-0.6564
32.9428,0.0729,-0.1727,-0.6037
32.9762,0.0666,-0.1903,-0.5631
33.0097,0.0615,-0.2112,-0.5249
33.0432,0.0551,-0.2263,-0.4702
33.0767,0.0476,-0.2419,-0.4007
33.1101,0.0387,-0.2571,-0.3239
33.1436,0.0299,-0.2687,-0.2452
33.1771,0.0211,-0.2776,-0.1600
33.2106,0.0110,-0.2851,-0.0909
33.2441,0.0033,-0.2886,0.0085
33.2775,-0.0066,-0.2899,0.1175
33.3110,-0.0167,-0.2881,0.2308
33.3445,-0.0267,-0.2786,0.3267
33.3780,-0.0357,-0.2666,0.4375
33.4114,-0.0455,-0.2494,0.5350
33.4449,-0.0545,-0.2321,0.6267
33.4784,-0.0625,-0.2120,0.7027
33.5119,-0.0694,-0.1892,0.7674
33.5454,-0.0758,-0.1645,0.8203
33.5788,-0.0810,-0.1305,0.8502
33.6123,-0.0845,-0.1027,0.8760
33.6458,-0.0884,-0.0736,0.8792
33.6793,-0.0909,-0.0448,0.8846
33.7128,-0.0923,-0.0125,0.8695
33.7462,-0.0921,0.0156,0.8585
33.7797,-0.0922,0.0446,0.8285
33.8132,-0.0910,0.0692,0.7889
33.8467,-0.0885,0.0958,0.7426
33.8801,-0.0846,0.1213,0.7006
33.9136,-0.0807,0.1431,0.6796
33.9471,-0.0769,0.1688,0.6266
33.9806,-0.0708,0.1873,0.5782
34.0141,-0.0642,0.2071,0.5167
34.0475,-0.0568,0.2224,0.4699
34.0810,-0.0496,0.2398,0.4058
34.1145,-0.0415,0.2518,0.3538
34.1480,-0.0340,0.2636,0.2743
34.1815,-0.0242,0.2747,0.1918
34.2149,-0.0152,0.2849,0.1169
34.2484,-0.0064,0.2883,0.0187
34.2819,0.0038,0.2846,-0.0679
34.3154,0.0126,0.2846,-0.1728
34.3488,0.0227,0.2783,-0.2722
34.3823,0.0316,0.2727,-0.3860
34.4158,0.0417,0.2597,-0.4767
34.4493,0.0505,0.2462,-0.5781
34.4828,0.0594,0.2224,-0.6642
34.5162,0.0670,0.2007,-0.7334
34.5497,0.0733,0.1782,-0.7866
34.5832,0.0784,0.1470,-0.8372
34.6167,0.0835,0.1188,-0.8880
34.6502,0.0886,0.0874,-0.9039
34.6836,0.0910,0.0567,-0.9166
34.7171,0.0936,0.0250,-0.8947
34.7506,0.0936,-0.0022,-0.8825
34.7841,0.0937,-0.0338,-0.8391
34.8175,0.0912,-0.0606,-0.8173
34.8510,0.0899,-0.0876,-0.7797
34.8845,0.0874,-0.1146,-0.7240
34.9180,0.0823,-0.1397,-0.6901
34.9515,0.0785,-0.1618,-0.6483
34.9849,0.0735,-0.1802,-0.6007
35.0184,0.0672,-0.2001,-0.5559
35.0519,0.0608,-0.2158,-0.5071
35.0854,0.0532,-0.2357,-0.4388
35.1188,0.0444,-0.2478,-0.3875
35.1523,0.0369,-0.2651,-0.3109
35.1858,0.0281,-0.2750,-0.2374
35.2193,0.0192,-0.2825,-0.1593
35.2528,0.0104,-0.2920,-0.0739
35.2862,0.0004,-0.2944,0.0293
35.3197,-0.0097,-0.2918,0.1347
35.3532,-0.0197,-0.2893,0.2518
35.3867,-0.0297,-0.2798,0.3682
35.4202,-0.0396,-0.2677,0.4612
35.4536,-0.0478,-0.2547,0.5804
35.4871,-0.0575,-0.2328,0.6657
35.5206,-0.0651,-0.2126,0.7501
35.5541,-0.0724,-0.1859,0.8261
35.5875,-0.0787,-0.1566,0.8699
35.6210,-0.0838,-0.1247,0.8956
35.6545,-0.0876,-0.0952,0.9286
35.6880,-0.0913,-0.0605,0.9292
35.7215,-0.0927,-0.0321,0.9241
35.7549,-0.0938,-0.0012,0.8967
35.7884,-0.0939,0.0337,0.8590
35.8219,-0.0927,0.0589,0.8218
35.8554,-0.0914,0.0864,0.7696
35.8889,-0.0875,0.1119,0.7176
35.9223,-0.0837,0.1332,0.6680
35.9558,-0.0787,0.1547,0.6252
35.9893,-0.0742,0.1799,0.5666
36.0228,-0.0675,0.1950,0.5332
36.0562,-0.0623,0.2116,0.4688
36.0897,-0.0539,0.2256,0.4124
36.1232,-0.0464,0.2419,0.3688
36.1567,-0.0396,0.2533,0.3027
36.1902,-0.0307,0.2643,0.2431
36.2236,-0.0219,0.2726,0.1718
36.2571,-0.0132,0.2803,0.0903
36.2906,-0.0030,0.2846,0.0018
36.3241,0.0069,0.2840,-0.0711
36.3575,0.0146,0.2842,-0.1821
36.3910,0.0247,0.2739,-0.2770
36.4245,0.0348,0.2673,-0.3876
36.4580,0.0449,0.2557,-0.4707
36.4915,0.0525,0.2399,-0.5730
36.5249,0.0613,0.2215,-0.6484
36.5584,0.0676,0.1976,-0.7294
36.5919,0.0752,0.1731,-0.7866
36.6254,0.0803,0.1451,-0.8351
36.6589,0.0854,0.1169,-0.8719
36.6923,0.0892,0.0831,-0.8890
36.7258,0.0917,0.0564,-0.9166
36.7593,0.0943,0.0235,-0.9167
36.7928,0.0955,-0.0033,-0.8987
36.8262,0.0955,-0.0373,-0.8714
36.8597,0.0931,-0.0622,-0.8373
36.8932,0.0905,-0.0937,-0.8020
36.9267,0.0879,-0.1178,-0.7600
36.9602,0.0830,-0.1442,-0.7232
36.9936,0.0791,-0.1677,-0.6777
37.0271,0.0741,-0.1915,-0.6249
37.0606,0.0678,-0.2131,-0.5558
37.0941,0.0590,-0.2294,-0.5012
37.1276,0.0527,-0.2431,-0.4255
37.1610,0.0439,-0.2583,-0.3647
37.1945,0.0363,-0.2722,-0.2655
37.2280,0.0262,-0.2827,-0.1880
37.2615,0.0173,-0.2911,-0.0851
37.2949,0.0073,-0.2957,0.0117
37.3284,-0.0027,-0.2933,0.1144
37.3619,-0.0128,-0.2865,0.2195
37.3954,-0.0220,-0.2826,0.3197
37.4289,-0.0314,-0.2741,0.4259
37.4623,-0.0410,-0.2588,0.5332
37.4958,-0.0507,-0.2404,0.6194
37.5293,-0.0581,-0.2160,0.7053
37.5628,-0.0657,-0.1954,0.7664
37.5963,-0.0726,-0.1674,0.8156
37.6297,-0.0769,-0.1404,0.8506
37.6632,-0.0821,-0.1104,0.8850
37.6967,-0.0861,-0.0790,0.9111
37.7302,-0.0898,-0.0498,0.8876
37.7636,-0.0897,-0.0192,0.8730
37.7971,-0.0909,0.0107,0.8479
37.8306,-0.0897,0.0383,0.8143
37.8641,-0.0890,0.0682,0.7907
37.8976,-0.0871,0.0903,0.7394
37.9310,-0.0834,0.1167,0.6972
37.9645,-0.0796,0.1399,0.6439
37.9980,-0.0744,0.1617,0.5980
38.0315,-0.0694,0.1790,0.5602
38.0649,-0.0644,0.1927,0.5031
38.0984,-0.0567,0.2160,0.4492
38.1319,-0.0493,0.2289,0.3899
38.1654,-0.0416,0.2430,0.3375
38.1989,-0.0341,0.2557,0.2859
38.2323,-0.0265,0.2623,0.2033
38.2658,-0.0163,0.2704,0.1312
38.2993,-0.0088,0.2753,0.0444
38.3328,0.0014,0.2795,-0.0421
38.3663,0.0102,0.2790,-0.1429
38.3997,0.0202,0.2711,-0.2548
38.4332,0.0304,0.2650,-0.3323
38.4667,0.0380,0.2553,-0.4414
38.5002,0.0469,0.2441,-0.5337
38.5336,0.0558,0.2232,-0.6133
38.5671,0.0622,0.1989,-0.7033
38.6006,0.0697,0.1761,-0.7649
38.6341,0.0761,0.1487,-0.8180
38.6676,0.0811,0.1223,-0.8448
38.7010,0.0849,0.0926,-0.8636
38.7345,0.0875,0.0633,-0.8554
38.7680,0.0901,0.0344,-0.8756
38.8015,0.0914,0.0002,-0.8808
38.8350,0.0914,-0.0259,-0.8478
38.8684,0.0889,-0.0533,-0.8195
38.9019,0.0876,-0.0814,-0.7832
38.9354,0.0852,-0.1030,-0.7331
38.9689,0.0826,-0.1269,-0.6764
39.0023,0.0775,-0.1474,-0.6124
39.0358,0.0725,-0.1698,-0.5471
39.0693,0.0661,-0.1895,-0.4865
39.1028,0.0598,-0.2222,-0.4229
39.1363,0.0535,-0.2311,-0.3736
39.1697,0.0471,-0.2350,-0.3013
39.2032,0.0383,-0.2439,-0.2353
39.2367,0.0307,-0.2494,-0.1619
39.2702,0.0218,-0.2539,-0.0821
39.3036,0.0117,-0.2553,-0.0085
39.3371,0.0029,-0.2577,0.0776
39.3706,-0.0073,-0.2575,0.1514
39.4041,-0.0164,-0.2571,0.2244
39.4376,-0.0262,-0.2510,0.2041
39.4710,-0.0262,-0.2418,0.2766
39.5045,-0.0342,-0.2286,0.3716
39.5380,-0.0439,-0.2155,0.4476
39.5715,-0.0528,-0.1978,0.5206
39.6050,-0.0603,-0.1831,0.5903
39.6384,-0.0672,-0.1638,0.6650
39.6719,-0.0729,-0.1427,0.7162
39.7054,-0.0780,-0.1242,0.7583
39.7389,-0.0819,-0.1039,0.7841
39.7723,-0.0844,-0.0840,0.7996
39.8058,-0.0869,-0.0354,0.8176
39.8393,-0.0882,-0.0048,0.8175
39.8728,-0.0882,0.0202,0.8125
39.9063,-0.0882,0.0467,0.8052
39.9397,-0.0869,0.0742,0.7671
39.9732,-0.0830,0.0998,0.7392
40.0067,-0.0806,0.1199,0.6946
40.0402,-0.0767,0.1419,0.6367
40.0737,-0.0716,0.1622,0.5659
40.1071,-0.0653,0.1806,0.4847
40.1406,-0.0589,0.2004,0.4816
40.1741,-0.0540,0.2131,0.4338
40.2076,-0.0464,0.2300,0.3647
40.2410,-0.0378,0.2413,0.3062
40.2745,-0.0298,0.2497,0.2532
40.3080,-0.0222,0.2616,0.1890
40.3415,-0.0147,0.2649,0.1088
40.3750,-0.0045,0.2703,0.0185
40.4084,0.0043,0.2714,-0.0690
40.4419,0.0133,0.2720,-0.1726
40.4754,0.0235,0.2690,-0.2614
40.5089,0.0311,0.2554,-0.3721
40.5424,0.0413,0.2438,-0.4566
40.5758,0.0489,0.2333,-0.5502
40.6093,0.0565,0.2151,-0.6374
40.6428,0.0641,0.1905,-0.7097
40.6763,0.0705,0.1648,-0.7828
40.7097,0.0769,0.1358,-0.8198
40.7432,0.0808,0.1093,-0.8554
40.7767,0.0846,0.0778,-0.8654
40.8102,0.0871,0.0506,-0.8621
40.8437,0.0884,0.0193,-0.8681
40.8771,0.0898,-0.0069,-0.8495
40.9106,0.0896,-0.0374,-0.8030
40.9441,0.0872,-0.0642,-0.7644
40.9776,0.0846,-0.0913,-0.7294
41.0110,0.0820,-0.1132,-0.6887
41.0445,0.0770,-0.1325,-0.6610
41.0780,0.0745,-0.1569,-0.6142
41.1115,0.0682,-0.1756,-0.5824
41.1450,0.0631,-0.1951,-0.5290
41.1784,0.0567,-0.2128,-0.4802
41.2119,0.0491,-0.2264,-0.4157
41.2454,0.0415,-0.2400,-0.3638
41.2789,0.0339,-0.2559,-0.2949
41.3124,0.0250,-0.2669,-0.2309
41.3458,0.0173,-0.2759,-0.1404
41.3793,0.0073,-0.2834,-0.0322
41.4128,-0.0029,-0.2828,0.0537
41.4463,-0.0117,-0.2824,0.1646
41.4797,-0.0216,-0.2743,0.2637
41.5132,-0.0307,-0.2658,0.3683
41.5467,-0.0400,-0.2544,0.4761
41.5802,-0.0491,-0.2401,0.5822
41.6137,-0.0573,-0.2191,0.6626
41.6471,-0.0643,-0.1975,0.7339
41.6806,-0.0712,-0.1688,0.7948
41.7141,-0.0762,-0.1420,0.8331
41.7476,-0.0814,-0.1169,0.8635
41.7811,-0.0845,-0.0841,0.8816
41.8145,-0.0877,-0.0561,0.8906
41.8480,-0.0902,-0.0237,0.8788
41.8815,-0.0908,0.0064,0.8563
41.9150,-0.0908,0.0358,0.8137
41.9484,-0.0889,0.0606,0.7755
41.9819,-0.0869,0.0866,0.7304
42.0154,-0.0838,0.1119,0.6966
42.0489,-0.0802,0.1333,0.6513
42.0824,-0.0761,0.1544,0.5840
42.1158,-0.0698,0.1761,0.5451
42.1493,-0.0645,0.1915,0.4842
42.1828,-0.0572,0.2069,0.4462
42.2163,-0.0507,0.2217,0.4050
42.2497,-0.0435,0.2334,0.3625
42.2832,-0.0367,0.2474,0.2961
42.3167,-0.0279,0.2585,0.2292
42.3502,-0.0191,0.2665,0.1681
42.3837,-0.0114,0.2701,0.0850
42.4171,-0.0013,0.2719,-0.0056
42.4506,0.0076,0.2772,-0.0935
42.4841,0.0165,0.2739,-0.1928
42.5176,0.0267,0.2730,-0.2933
42.5511,0.0356,0.2629,-0.3929
42.5845,0.0445,0.2478,-0.4996
42.6180,0.0534,0.2277,-0.5832
42.6515,0.0610,0.2089,-0.6640
42.6850,0.0674,0.1873,-0.7417
42.7184,0.0738,0.1578,-0.8137
42.7519,0.0802,0.1301,-0.8610
42.7854,0.0852,0.1026,-0.8855
42.8189,0.0879,0.0735,-0.9061
42.8524,0.0903,0.0427,-0.8829
42.8858,0.0903,0.0118,-0.8704
42.9193,0.0904,-0.0188,-0.8503
42.9528,0.0903,-0.0456,-0.8287
42.9863,0.0891,-0.0757,-0.7864
43.0198,0.0865,-0.1030,-0.7431
43.0532,0.0827,-0.1260,-0.7109
43.0867,0.0790,-0.1458,-0.6716
43.1202,0.0752,-0.1690,-0.6141
43.1537,0.0688,-0.1873,-0.5501
43.1871,0.0612,-0.2030,-0.4957
43.2206,0.0548,-0.2245,-0.4402
43.2541,0.0473,-0.2392,-0.3833
43.2876,0.0396,-0.2524,-0.3018
43.3211,0.0308,-0.2628,-0.2347
43.3545,0.0232,-0.2734,-0.1611
43.3880,0.0142,-0.2792,-0.0716
43.4215,0.0041,-0.2804,0.0344
43.4550,-0.0060,-0.2762,0.1177
43.4884,-0.0136,-0.2734,0.2194
43.5219,-0.0237,-0.2700,0.3305
43.5554,-0.0338,-0.2594,0.4082
43.5889,-0.0417,-0.2444,0.5076
43.6224,-0.0508,-0.2245,0.5863
43.6558,-0.0584,-0.2077,0.6636
43.6893,-0.0654,-0.1843,0.7201
43.7228,-0.0705,-0.1580,0.7624
43.7563,-0.0761,-0.1318,0.8095
43.7898,-0.0807,-0.1079,0.8445
43.8232,-0.0845,-0.0756,0.8555
43.8567,-0.0870,-0.0463,0.8567
43.8902,-0.0881,-0.0199,0.8446
43.9237,-0.0881,0.0129,0.8243
43.9571,-0.0882,0.0368,0.8166
43.9906,-0.0882,0.0650,0.7765
44.0241,-0.0855,0.0892,0.7398
44.0576,-0.0818,0.1135,0.6990
44.0911,-0.0781,0.1398,0.6588
44.1245,-0.0741,0.1587,0.5977
44.1580,-0.0679,0.1788,0.5551
44.1915,-0.0615,0.1993,0.5003
44.2250,-0.0551,0.2133,0.4382
44.2585,-0.0477,0.2293,0.3930
44.2919,-0.0412,0.2450,0.3186
44.3254,-0.0323,0.2514,0.2538
44.3589,-0.0248,0.2605,0.1669
44.3924,-0.0158,0.2667,0.0828
44.4258,-0.0056,0.2718,0.0152
44.4593,0.0020,0.2706,-0.0898
44.4928,0.0121,0.2700,-0.1821
44.5263,0.0210,0.2641,-0.2664
44.5598,0.0286,0.2569,-0.3699
44.5932,0.0388,0.2454,-0.4576
44.6267,0.0477,0.2276,-0.5290
44.6602,0.0540,0.2096,-0.6157
44.6937,0.0617,0.1864,-0.6780
44.7272,0.0680,0.1659,-0.7459
44.7606,0.0744,0.1416,-0.7832
44.7941,0.0782,0.1092,-0.8228
44.8276,0.0820,0.0851,-0.8342
44.8611,0.0846,0.0566,-0.8482
44.8945,0.0871,0.0258,-0.8430
44.9280,0.0871,-0.0001,-0.8268
44.9615,0.0871,-0.0271,-0.8091
44.9950,0.0860,-0.0561,-0.7886
45.0285,0.0847,-0.0815,-0.7597
45.0619,0.0822,-0.1093,-0.7065
45.0954,0.0771,-0.1284,-0.6643
45.1289,0.0733,-0.1522,-0.6382
45.1624,0.0695,-0.1717,-0.5884
45.1958,0.0631,-0.1939,-0.5294
45.2293,0.0568,-0.2099,-0.4753
45.2628,0.0492,-0.2252,-0.4116
45.2963,0.0415,-0.2398,-0.3404
45.3298,0.0340,-0.2530,-0.2725
45.3632,0.0251,-0.2592,-0.1940
45.3967,0.0162,-0.2662,-0.1287
45.4302,0.0086,-0.2754,-0.0276
45.4637,-0.0015,-0.2767,0.0619
45.4972,-0.0106,-0.2728,0.1610
45.5306,-0.0205,-0.2646,0.2426
45.5641,-0.0285,-0.2585,0.3401
45.5976,-0.0370,-0.2484,0.4403
45.6311,-0.0463,-0.2328,0.5200
45.6645,-0.0540,-0.2163,0.5972
45.6980,-0.0610,-0.1964,0.6773
45.7315,-0.0686,-0.1744,0.7463
45.7650,-0.0743,-0.1451,0.7785
45.7985,-0.0787,-0.1200,0.8186
45.8319,-0.0824,-0.0925,0.8439
45.8654,-0.0849,-0.0650,0.8736
45.8989,-0.0888,-0.0326,0.8647
45.9324,-0.0890,-0.0029,0.8561
45.9659,-0.0890,0.0225,0.8403
45.9993,-0.0888,0.0531,0.8021
46.0328,-0.0861,0.0800,0.7625
46.0663,-0.0836,0.1056,0.7186
46.0998,-0.0798,0.1270,0.6874
46.1332,-0.0759,0.1527,0.6348
46.1667,-0.0709,0.1717,0.5724
46.2002,-0.0647,0.1926,0.5172
46.2337,-0.0584,0.2056,0.4632
46.2672,-0.0519,0.2240,0.4002
46.3006,-0.0443,0.2356,0.3257
46.3341,-0.0354,0.2452,0.2673
46.3676,-0.0280,0.2572,0.1958
46.4011,-0.0189,0.2654,0.1262
46.4345,-0.0113,0.2698,0.0291
46.4680,-0.0013,0.2687,-0.0377
46.5015,0.0065,0.2667,-0.1320
46.5350,0.0165,0.2660,-0.2140
46.5685,0.0255,0.2566,-0.3149
46.6019,0.0344,0.2464,-0.3925
46.6354,0.0420,0.2348,-0.4883
46.6689,0.0509,0.2202,-0.5705
46.7024,0.0585,0.1994,-0.6352
46.7359,0.0649,0.1780,-0.6991
46.7693,0.0700,0.1510,-0.7539
46.8028,0.0751,0.1303,-0.8020
46.8363,0.0802,0.0986,-0.8371
46.8698,0.0840,0.0719,-0.8437
46.9032,0.0853,0.0420,-0.8585
46.9367,0.0879,0.0141,-0.8554
46.9702,0.0879,-0.0170,-0.8428
47.0037,0.0866,-0.0420,-0.8090
47.0372,0.0853,-0.0704,-0.7740
47.0706,0.0828,-0.0983,-0.7434
47.1041,0.0802,-0.1218,-0.7058
47.1376,0.0765,-0.1437,-0.6397
47.1711,0.0702,-0.1650,-0.5995
47.2046,0.0651,-0.1840,-0.5473
47.2380,0.0587,-0.2045,-0.4915
47.2715,0.0524,-0.2197,-0.4286
47.3050,0.0448,-0.2340,-0.3662
47.3385,0.0372,-0.2434,-0.2932
47.3719,0.0283,-0.2552,-0.2263
47.4054,0.0207,-0.2661,-0.1557
47.4389,0.0130,-0.2676,-0.0659
47.4724,0.0030,-0.2702,0.0354
47.5059,-0.0072,-0.2735,0.1222
47.5393,-0.0160,-0.2700,0.2210
47.5728,-0.0249,-0.2613,0.3056
47.6063,-0.0337,-0.2516,0.3925
47.6398,-0.0414,-0.2381,0.4787
47.6733,-0.0493,-0.2236,0.5685
47.7067,-0.0589,-0.2036,0.6453
47.7402,-0.0654,-0.1791,0.6899
47.7737,-0.0703,-0.1522,0.7606
47.8072,-0.0768,-0.1270,0.7955
47.8406,-0.0805,-0.1048,0.8205
47.8741,-0.0836,-0.0751,0.8282
47.9076,-0.0855,-0.0489,0.8447
47.9411,-0.0880,-0.0201,0.8351
47.9746,-0.0880,0.0102,0.8277
48.0080,-0.0880,0.0381,0.7895
48.0415,-0.0855,0.0643,0.7641
48.0750,-0.0842,0.0866,0.7353
48.1085,-0.0817,0.1163,0.7037
48.1419,-0.0779,0.1345,0.6718
48.1754,-0.0740,0.1592,0.6031
48.2089,-0.0677,0.1773,0.5632
48.2424,-0.0625,0.1993,0.4975
48.2759,-0.0550,0.2126,0.4346
48.3093,-0.0479,0.2291,0.3712
48.3428,-0.0401,0.2383,0.2985
48.3763,-0.0312,0.2536,0.2394
48.4098,-0.0245,0.2604,0.1435
48.4433,-0.0144,0.2660,0.0759
48.4767,-0.0068,0.2696,-0.0217
48.5102,0.0031,0.2646,-0.0984
48.5437,0.0109,0.2663,-0.1941
48.5772,0.0210,0.2558,-0.2662
48.6106,0.0287,0.2477,-0.3634
48.6441,0.0376,0.2358,-0.4410
48.6776,0.0452,0.2220,-0.5343
48.7111,0.0541,0.2077,-0.5976
48.7446,0.0605,0.1808,-0.6650
48.7780,0.0669,0.1626,-0.7153
48.8115,0.0719,0.1373,-0.7563
48.8450,0.0758,0.1131,-0.8031
48.8785,0.0808,0.0843,-0.8041
48.9120,0.0821,0.0581,-0.8314
48.9454,0.0847,0.0261,-0.8351
48.9789,0.0860,-0.0010,-0.8306
49.0124,0.0860,-0.0306,-0.8040
49.0459,0.0847,-0.0555,-0.7701
49.0793,0.0822,-0.0809,-0.7549
49.1128,0.0809,-0.1042,-0.7050
49.1463,0.0771,-0.1286,-0.6648
49.1798,0.0720,-0.1502,-0.6189
49.2133,0.0670,-0.1688,-0.5698
49.2467,0.0606,-0.1930,-0.5066
49.2802,0.0543,-0.2081,-0.4617
49.3137,0.0480,-0.2222,-0.4035
49.3472,0.0403,-0.2334,-0.3462
49.3806,0.0328,-0.2477,-0.2742
49.4141,0.0252,-0.2569,-0.1935
49.4476,0.0163,-0.2624,-0.1070
49.4811,0.0073,-0.2687,-0.0300
49.5146,-0.0014,-0.2705,0.0684
49.5480,-0.0115,-0.2666,0.1635
49.5815,-0.0204,-0.2624,0.2378
49.6150,-0.0283,-0.2574,0.3376
49.6485,-0.0372,-0.2452,0.4248
49.6820,-0.0456,-0.2294,0.5178
49.7154,-0.0545,-0.2107,0.5890
49.7489,-0.0608,-0.1894,0.6632
49.7824,-0.0683,-0.1684,0.7197
49.8159,-0.0734,-0.1452,0.7653
49.8493,-0.0771,-0.1157,0.7956
49.8828,-0.0810,-0.0921,0.8366
49.9163,-0.0847,-0.0639,0.8516
49.9498,-0.0873,-0.0325,0.8411
49.9833,-0.0873,-0.0066,0.8277
50.0167,-0.0872,0.0233,0.8126
50.0502,-0.0872,0.0498,0.7951
50.0837,-0.0860,0.0771,0.7711
50.1172,-0.0835,0.0999,0.7325
50.1507,-0.0796,0.1266,0.6783
50.1841,-0.0747,0.1490,0.6369
50.2176,-0.0708,0.1732,0.5808
50.2511,-0.0645,0.1880,0.5304
50.2846,-0.0582,0.2036,0.4761
50.3180,-0.0517,0.2209,0.3985
50.3515,-0.0428,0.2372,0.3400
50.3850,-0.0353,0.2495,0.2701
50.4185,-0.0277,0.2573,0.1979
50.4520,-0.0188,0.2621,0.1076
50.4854,-0.0100,0.2646,0.0402
50.5189,-0.0023,0.2693,-0.0556
50.5524,0.0078,0.2693,-0.1288
50.5859,0.0154,0.2643,-0.2348
50.6194,0.0256,0.2538,-0.3259
50.6528,0.0344,0.2431,-0.4158
50.6863,0.0434,0.2339,-0.4962
50.7198,0.0510,0.2162,-0.5626
50.7533,0.0574,0.1958,-0.6362
50.7867,0.0638,0.1734,-0.7093
50.8202,0.0701,0.1520,-0.7692
50.8537,0.0764,0.1209,-0.7982
50.8872,0.0802,0.0976,-0.8198
50.9207,0.0816,0.0660,-0.8397
50.9541,0.0841,0.0405,-0.8526
50.9876,0.0867,0.0097,-0.8495
51.0211,0.0867,-0.0172,-0.8173
51.0546,0.0854,-0.0435,-0.7982
51.0880,0.0842,-0.0741,-0.7662
51.1215,0.0816,-0.1001,-0.7370
51.1550,0.0791,-0.1215,-0.6788
51.1885,0.0740,-0.1423,-0.6503
51.2220,0.0702,-0.1655,-0.5872
51.2554,0.0639,-0.1865,-0.5507
51.2889,0.0575,-0.2030,-0.4850
51.3224,0.0499,-0.2184,-0.4390
51.3559,0.0436,-0.2321,-0.3764
51.3894,0.0360,-0.2478,-0.3024
51.4228,0.0271,-0.2566,-0.2463
51.4563,0.0195,-0.2659,-0.1690
51.4898,0.0106,-0.2682,-0.0822
51.5233,0.0005,-0.2757,0.0079
51.5567,-0.0082,-0.2736,0.0927
51.5902,-0.0161,-0.2745,0.1912
51.6237,-0.0262,-0.2660,0.2894
51.6572,-0.0361,-0.2596,0.3886
51.6907,-0.0441,-0.2445,0.4822
51.7241,-0.0530,-0.2277,0.5635
51.7576,-0.0601,-0.2105,0.6428
51.7911,-0.0678,-0.1855,0.7136
51.8246,-0.0739,-0.1626,0.7793
51.8581,-0.0804,-0.1363,0.8190
51.8915,-0.0842,-0.1071,0.8569
51.9250,-0.0878,-0.0754,0.8660
51.9585,-0.0890,-0.0485,0.8766
51.9920,-0.0917,-0.0187,0.8617
52.0254,-0.0918,0.0098,0.8576
52.0589,-0.0917,0.0390,0.8353
52.0924,-0.0904,0.0661,0.7942
52.1259,-0.0879,0.0942,0.7616
52.1594,-0.0852,0.1177,0.7120
52.1928,-0.0802,0.1421,0.6672
52.2263,-0.0763,0.1631,0.6196
52.2598,-0.0712,0.1833,0.5747
52.2933,-0.0650,0.2029,0.5053
52.3267,-0.0574,0.2205,0.4512
52.3602,-0.0510,0.2373,0.3830
52.3937,-0.0421,0.2471,0.3140
52.4272,-0.0345,0.2569,0.2316
52.4607,-0.0248,0.2667,0.1646
52.4941,-0.0169,0.2726,0.0752
52.5276,-0.0067,0.2776,0.0019
52.5611,0.0009,0.2764,-0.0935
52.5946,0.0109,0.2729,-0.1802
52.6281,0.0199,0.2654,-0.2822
52.6615,0.0300,0.2597,-0.3685
52.6950,0.0377,0.2446,-0.4489
52.7285,0.0453,0.2294,-0.5482
52.7620,0.0542,0.2111,-0.6357
52.7954,0.0618,0.1942,-0.6940
52.8289,0.0681,0.1684,-0.7552
52.8624,0.0733,0.1457,-0.8005
52.8959,0.0784,0.1136,-0.8330
52.9294,0.0822,0.0863,-0.8549
52.9628,0.0848,0.0530,-0.8757
52.9963,0.0873,0.0275,-0.8624
53.0298,0.0874,-0.0039,-0.8571
53.0633,0.0874,-0.0356,-0.8445
53.0968,0.0873,-0.0604,-0.8141
53.1302,0.0848,-0.0836,-0.7641
53.1637,0.0811,-0.1125,-0.7327
53.1972,0.0772,-0.1354,-0.6718
53.2307,0.0721,-0.1561,-0.6256
53.2641,0.0671,-0.1787,-0.5749
53.2976,0.0607,-0.1993,-0.5385
53.3311,0.0556,-0.2142,-0.4693
53.3646,0.0480,-0.2323,-0.4109
53.3981,0.0404,-0.2467,-0.3524
53.4315,0.0328,-0.2550,-0.2770
53.4650,0.0240,-0.2649,-0.1822
53.4985,0.0138,-0.2739,-0.1147
53.5320,0.0063,-0.2746,-0.0173
53.5655,-0.0039,-0.2783,0.0890
53.5989,-0.0141,-0.2797,0.1789
53.6324,-0.0228,-0.2739,0.2741
53.6659,-0.0317,-0.2612,0.3773
53.6994,-0.0411,-0.2498,0.4651
53.7328,-0.0494,-0.2340,0.5421
53.7663,-0.0569,-0.2147,0.6347
53.7998,-0.0645,-0.1917,0.6963
53.8333,-0.0707,-0.1710,0.7539
53.8668,-0.0759,-0.1395,0.8190
53.9002,-0.0824,-0.1134,0.8412
53.9337,-0.0862,-0.0882,0.8523
53.9672,-0.0874,-0.0574,0.8578
54.0007,-0.0899,-0.0287,0.8727
54.0341,-0.0912,-0.0006,0.8546
54.0676,-0.0910,0.0272,0.8299
54.1011,-0.0899,0.0582,0.8047
54.1346,-0.0872,0.0822,0.7771
54.1681,-0.0848,0.1119,0.7233
54.2015,-0.0808,0.1358,0.7013
54.2350,-0.0771,0.1537,0.6519
54.2685,-0.0721,0.1780,0.5930
54.3020,-0.0657,0.1985,0.5421
54.3355,-0.0595,0.2177,0.4811
54.3689,-0.0518,0.2291,0.4051
54.4024,-0.0441,0.2443,0.3335
54.4359,-0.0353,0.2580,0.2720
54.4694,-0.0277,0.2668,0.1806
54.5028,-0.0175,0.2723,0.1160
54.5363,-0.0099,0.2802,0.0255
54.5698,0.0003,0.2774,-0.0778
54.6033,0.0104,0.2759,-0.1593
54.6368,0.0180,0.2707,-0.2586
54.6702,0.0282,0.2611,-0.3397
54.7037,0.0358,0.2485,-0.4484
54.7372,0.0460,0.2377,-0.5246
54.7707,0.0536,0.2205,-0.5943
54.8042,0.0600,0.1975,-0.6687
54.8376,0.0676,0.1780,-0.7375
54.8711,0.0740,0.1487,-0.7690
54.9046,0.0778,0.1237,-0.8203
54.9381,0.0829,0.0968,-0.8427
54.9715,0.0855,0.0648,-0.8564
55.0050,0.0880,0.0393,-0.8598
55.0385,0.0893,0.0070,-0.8724
55.0720,0.0906,-0.0171,-0.8339
55.1055,0.0881,-0.0479,-0.8140
55.1389,0.0868,-0.0776,-0.7904
55.1724,0.0843,-0.1024,-0.7454
55.2059,0.0805,-0.1242,-0.7140
55.2394,0.0766,-0.1513,-0.6713
55.2728,0.0715,-0.1703,-0.6242
55.3063,0.0665,-0.1918,-0.5789
55.3398,0.0601,-0.2111,-0.5109
55.3733,0.0525,-0.2307,-0.4545
55.4068,0.0449,-0.2388,-0.3808
55.4402,0.0360,-0.2587,-0.3126
55.4737,0.0284,-0.2677,-0.2358
55.5072,0.0195,-0.2758,-0.1525
55.5407,0.0107,-0.2824,-0.0463
55.5742,0.0005,-0.2858,0.0344
55.6076,-0.0086,-0.2838,0.1417
55.6411,-0.0188,-0.2778,0.2406
55.6746,-0.0285,-0.2697,0.3436
55.7081,-0.0375,-0.2600,0.4228
55.7415,-0.0450,-0.2464,0.5364
55.7750,-0.0552,-0.2268,0.6062
55.8085,-0.0615,-0.2050,0.6815
55.8420,-0.0691,-0.1829,0.7517
55.8755,-0.0753,-0.1554,0.8013
55.9089,-0.0806,-0.1319,0.8266
55.9424,-0.0843,-0.1003,0.8629
55.9759,-0.0882,-0.0717,0.8844
56.0094,-0.0907,-0.0420,0.8852
56.0429,-0.0919,-0.0150,0.8682
56.0763,-0.0919,0.0190,0.8475
56.1098,-0.0905,0.0453,0.8291
56.1433,-0.0906,0.0734,0.8007
56.1768,-0.0881,0.1013,0.7579
56.2102,-0.0842,0.1239,0.7257
56.2437,-0.0804,0.1466,0.6651
56.2772,-0.0741,0.1738,0.6269
56.3107,-0.0690,0.1909,0.5640
56.3442,-0.0627,0.2073,0.5172
56.3776,-0.0563,0.2250,0.4361
56.4111,-0.0474,0.2427,0.3794
56.4446,-0.0398,0.2563,0.3128
56.4781,-0.0322,0.2657,0.2386
56.5116,-0.0223,0.2734,0.1693
56.5450,-0.0144,0.2806,0.0767
56.5785,-0.0042,0.2808,-0.0251
56.6120,0.0058,0.2832,-0.0997
56.6455,0.0136,0.2769,-0.2069
56.6789,0.0238,0.2740,-0.3090
56.7124,0.0339,0.2588,-0.4060
56.7459,0.0428,0.2511,-0.4964
56.7794,0.0505,0.2363,-0.5769
56.8129,0.0594,0.2143,-0.6573
56.8463,0.0658,0.1922,-0.7265
56.8798,0.0722,0.1639,-0.7727
56.9133,0.0773,0.1368,-0.8253
56.9468,0.0824,0.1119,-0.8591
56.9802,0.0862,0.0788,-0.8934
57.0137,0.0900,0.0507,-0.8831
57.0472,0.0900,0.0201,-0.8975
57.0807,0.0926,-0.0095,-0.8697
57.1142,0.0913,-0.0366,-0.8328
57.1476,0.0888,-0.0656,-0.8066
57.1811,0.0863,-0.0921,-0.7736
57.2146,0.0837,-0.1175,-0.7397
57.2481,0.0799,-0.1456,-0.7059
57.2816,0.0760,-0.1691,-0.6512
57.3150,0.0697,-0.1883,-0.6144
57.3485,0.0633,-0.2039,-0.5524
57.3820,0.0557,-0.2260,-0.5048
57.4155,0.0494,-0.2395,-0.4430
57.4489,0.0418,-0.2545,-0.3594
57.4824,0.0316,-0.2708,-0.2924
57.5159,0.0240,-0.2818,-0.2021
57.5494,0.0139,-0.2882,-0.1028
57.5829,0.0038,-0.2947,-0.0157
57.6163,-0.0051,-0.2935,0.0746
57.6498,-0.0143,-0.2922,0.1910
57.6833,-0.0249,-0.2843,0.3118
57.7168,-0.0353,-0.2776,0.4119
57.7503,-0.0448,-0.2603,0.5189
57.7837,-0.0532,-0.2416,0.6141
57.8172,-0.0619,-0.2249,0.6914
57.8507,-0.0691,-0.1968,0.7666
57.8842,-0.0761,-0.1716,0.8297
57.9176,-0.0824,-0.1461,0.8583
57.9511,-0.0863,-0.1159,0.8928
57.9846,-0.0899,-0.0806,0.9011
58.0181,-0.0924,-0.0519,0.9101
58.0516,-0.0949,-0.0222,0.8904
58.0850,-0.0948,0.0073,0.8779
58.1185,-0.0950,0.0377,0.8555
58.1520,-0.0936,0.0667,0.8088
58.1855,-0.0909,0.0942,0.7840
58.2189,-0.0884,0.1169,0.7404
58.2524,-0.0848,0.1384,0.6832
58.2859,-0.0796,0.1645,0.6308
58.3194,-0.0733,0.1847,0.5928
58.3529,-0.0681,0.2061,0.5287
58.3863,-0.0607,0.2223,0.4660
58.4198,-0.0534,0.2391,0.3976
58.4533,-0.0453,0.2529,0.3336
58.4868,-0.0368,0.2639,0.2631
58.5203,-0.0289,0.2748,0.1913
58.5537,-0.0200,0.2790,0.1027
58.5872,-0.0099,0.2816,0.0008
58.6207,0.0003,0.2834,-0.0756
58.6542,0.0091,0.2816,-0.1751
58.6876,0.0193,0.2735,-0.2697
58.7211,0.0282,0.2665,-0.3609
58.7546,0.0371,0.2550,-0.4469
58.7881,0.0460,0.2415,-0.5316
58.8216,0.0536,0.2228,-0.6166
58.8550,0.0613,0.2022,-0.6774
58.8885,0.0677,0.1772,-0.7475
58.9220,0.0741,0.1513,-0.8013
58.9555,0.0792,0.1272,-0.8400
58.9890,0.0830,0.0944,-0.8749
59.0224,0.0868,0.0661,-0.8976
59.0559,0.0894,0.0385,-0.9000
59.0894,0.0906,0.0067,-0.8968
59.1229,0.0907,-0.0243,-0.8767
59.1563,0.0894,-0.0543,-0.8548
59.1898,0.0882,-0.0805,-0.8185
59.2233,0.0844,-0.1106,-0.7823
59.2568,0.0806,-0.1354,-0.7408
59.2903,0.0766,-0.1607,-0.6814
59.3237,0.0704,-0.1845,-0.6390
59.3572,0.0653,-0.2024,-0.5760
59.3907,0.0589,-0.2217,-0.4945
59.4242,0.0501,-0.2392,-0.4253
59.4576,0.0424,-0.2529,-0.3548
59.4911,0.0348,-0.2657,-0.2798
59.5246,0.0260,-0.2743,-0.1895
59.5581,0.0159,-0.2825,-0.1050
59.5916,0.0070,-0.2870,-0.0131
59.6250,-0.0029,-0.2870,0.0836
59.6585,-0.0122,-0.2852,0.1796
59.6920,-0.0218,-0.2766,0.2852
59.7255,-0.0322,-0.2665,0.3814
59.7590,-0.0410,-0.2579,0.4634
59.7924,-0.0492,-0.2431,0.5519
59.8259,-0.0575,-0.2237,0.6253
59.8594,-0.0651,-0.2006,0.6964
59.8929,-0.0715,-0.1766,0.7535
59.9263,-0.0776,-0.1509,0.7933
59.9598,-0.0826,-0.1214,0.8353
59.9933,-0.0864,-0.0936,0.8604
60.0268,-0.0901,-0.0653,0.8870
60.0603,-0.0928,-0.0374,0.8919
60.0937,-0.0940,-0.0098,0.8711
60.1272,-0.0940,0.0220,0.8514
60.1607,-0.0927,0.0496,0.8168
60.1942,-0.0902,0.0784,0.7881
60.2277,-0.0877,0.1052,0.7503
60.2611,-0.0850,0.1299,0.7142
60.2946,-0.0800,0.1571,0.6740
60.3281,-0.0762,0.1780,0.6217
60.3616,-0.0700,0.1978,0.5627
60.3950,-0.0629,0.2125,0.4996
60.4285,-0.0561,0.2284,0.4268
60.4620,-0.0473,0.2442,0.3604
60.4955,-0.0396,0.2552,0.2876
60.5290,-0.0306,0.2691,0.2107
60.5624,-0.0221,0.2769,0.1278
60.5959,-0.0126,0.2829,0.0370
60.6294,-0.0030,0.2821,-0.0388
60.6629,0.0048,0.2799,-0.1331
60.6964,0.0150,0.2755,-0.2218
60.7298,0.0238,0.2687,-0.3314
60.7633,0.0340,0.2573,-0.4316
60.7968,0.0429,0.2441,-0.5121
60.8303,0.0505,0.2279,-0.6105
60.8637,0.0594,0.2063,-0.6709
60.8972,0.0657,0.1836,-0.7320
60.9307,0.0721,0.1588,-0.7770
60.9642,0.0760,0.1336,-0.8327
60.9977,0.0823,0.1027,-0.8583
61.0311,0.0849,0.0738,-0.8777
61.0646,0.0874,0.0408,-0.8804
61.0981,0.0887,0.0132,-0.8756
61.1316,0.0888,-0.0143,-0.8597
61.1650,0.0888,-0.0467,-0.8272
61.1985,0.0862,-0.0694,-0.8127
61.2320,0.0849,-0.0982,-0.7732
61.2655,0.0812,-0.1241,-0.7314
61.2990,0.0774,-0.1503,-0.6809
61.3324,0.0723,-0.1681,-0.6319
61.3659,0.0659,-0.1914,-0.5734
61.3994,0.0595,-0.2099,-0.5351
61.4329,0.0532,-0.2280,-0.4730
61.4664,0.0456,-0.2443,-0.3943
61.4998,0.0368,-0.2577,-0.3373
61.5333,0.0292,-0.2729,-0.2476
61.5668,0.0191,-0.2762,-0.1677
61.6003,0.0102,-0.2832,-0.0786
61.6337,0.0014,-0.2859,0.0168
61.6672,-0.0087,-0.2853,0.1273
61.7007,-0.0188,-0.2837,0.2207
61.7342,-0.0280,-0.2800,0.3275
61.7677,-0.0377,-0.2655,0.4293
61.8011,-0.0466,-0.2500,0.5196
61.8346,-0.0554,-0.2363,0.6099
61.8681,-0.0629,-0.2130,0.6692
61.9016,-0.0692,-0.1895,0.7587
61.9351,-0.0770,-0.1625,0.8113
61.9685,-0.0826,-0.1336,0.8586
62.0020,-0.0870,-0.1067,0.8888
62.0355,-0.0909,-0.0773,0.9037
62.0690,-0.0934,-0.0447,0.8874
62.1024,-0.0934,-0.0153,0.8880
62.1359,-0.0946,0.0132,0.8720
62.1694,-0.0946,0.0436,0.8341
62.2029,-0.0919,0.0706,0.7977
62.2364,-0.0892,0.1022,0.7587
62.2698,-0.0869,0.1233,0.7213
62.3033,-0.0831,0.1481,0.6777
62.3368,-0.0781,0.1686,0.6231
62.3703,-0.0717,0.1889,0.5680
62.4037,-0.0653,0.2053,0.5149
62.4372,-0.0590,0.2261,0.4557
62.4707,-0.0514,0.2397,0.3864
62.5042,-0.0426,0.2526,0.3258
62.5377,-0.0350,0.2637,0.2508
62.5711,-0.0253,0.2754,0.1916
62.6046,-0.0172,0.2819,0.0978
62.6381,-0.0071,0.2841,0.0196
62.6716,0.0016,0.2846,-0.0826
62.7051,0.0118,0.2822,-0.1703
62.7385,0.0207,0.2765,-0.2812
62.7720,0.0309,0.2686,-0.3608
62.8055,0.0397,0.2560,-0.4673
62.8390,0.0486,0.2424,-0.5504
62.8724,0.0562,0.2224,-0.6473
62.9059,0.0651,0.2015,-0.7158
62.9394,0.0714,0.1748,-0.7742
62.9729,0.0766,0.1504,-0.8278
63.0064,0.0816,0.1192,-0.8664
63.0398,0.0855,0.0930,-0.9002
63.0733,0.0893,0.0589,-0.9244
63.1068,0.0919,0.0314,-0.9154
63.1403,0.0919,-0.0042,-0.9072
63.1738,0.0918,-0.0312,-0.8888
63.2072,0.0906,-0.0655,-0.8548
63.2407,0.0881,-0.0891,-0.8227
63.2742,0.0855,-0.1158,-0.7905
63.3077,0.0817,-0.1431,-0.7289
63.3411,0.0766,-0.1683,-0.6904
63.3746,0.0716,-0.1929,-0.6162
63.4081,0.0640,-0.2119,-0.5684
63.4416,0.0577,-0.2262,-0.4902
63.4751,0.0488,-0.2469,-0.4342
63.5085,0.0425,-0.2620,-0.3521
63.5420,0.0324,-0.2717,-0.2920
63.5755,0.0248,-0.2850,-0.1909
63.6090,0.0147,-0.2896,-0.0881
63.6425,0.0046,-0.2906,-0.0022
63.6759,-0.0055,-0.2952,0.0976
63.7094,-0.0152,-0.2888,0.1944
63.7429,-0.0244,-0.2868,0.2958
63.7764,-0.0341,-0.2746,0.4136
63.8098,-0.0447,-0.2638,0.4986
63.8433,-0.0527,-0.2460,0.5802
63.8768,-0.0605,-0.2264,0.6786
63.9103,-0.0693,-0.1988,0.7362
63.9438,-0.0749,-0.1746,0.7984
63.9772,-0.0813,-0.1512,0.8569
64.0107,-0.0876,-0.1186,0.8809
64.0442,-0.0901,-0.0891,0.9157
64.0777,-0.0940,-0.0588,0.9078
64.1111,-0.0950,-0.0265,0.9130
64.1446,-0.0963,0.0007,0.8868
64.1781,-0.0964,0.0321,0.8590
64.2116,-0.0937,0.0646,0.8267
64.2451,-0.0925,0.0875,0.8001
64.2785,-0.0901,0.1161,0.7498
64.3120,-0.0862,0.1418,0.6955
64.3455,-0.0798,0.1635,0.6602
64.3790,-0.0762,0.1860,0.6010
64.4125,-0.0699,0.2028,0.5431
64.4459,-0.0622,0.2234,0.4918
64.4794,-0.0551,0.2366,0.4220
64.5129,-0.0469,0.2522,0.3622
64.5464,-0.0382,0.2662,0.3073
64.5798,-0.0305,0.2751,0.2167
64.6133,-0.0204,0.2818,0.1364
64.6468,-0.0105,0.2901,0.0573
64.6803,-0.0014,0.2924,-0.0330
64.7138,0.0074,0.2879,-0.1273
64.7472,0.0177,0.2863,-0.2374
64.7807,0.0277,0.2803,-0.3302
64.8142,0.0366,0.2687,-0.4484
64.8477,0.0467,0.2554,-0.5352
64.8812,0.0543,0.2364,-0.6236
64.9146,0.0632,0.2122,-0.7074
64.9481,0.0708,0.1901,-0.7858
64.9816,0.0773,0.1656,-0.8365
65.0151,0.0810,0.1353,-0.8881
65.0485,0.0873,0.1028,-0.9277
65.0820,0.0912,0.0709,-0.9310
65.1155,0.0925,0.0402,-0.9335
65.1490,0.0937,0.0063,-0.9253
65.1825,0.0938,-0.0196,-0.8959
65.2159,0.0925,-0.0536,-0.8719
65.2494,0.0912,-0.0826,-0.8451
65.2829,0.0887,-0.1113,-0.7992
65.3164,0.0849,-0.1362,-0.7508
65.3498,0.0799,-0.1620,-0.7038
65.3833,0.0747,-0.1812,-0.6558
65.4168,0.0685,-0.2013,-0.6035
65.4503,0.0621,-0.2249,-0.5409
65.4838,0.0545,-0.2417,-0.4846
65.5172,0.0469,-0.2574,-0.3966
65.5507,0.0368,-0.2745,-0.3333
65.5842,0.0280,-0.2852,-0.2585
65.6177,0.0190,-0.2939,-0.1737
65.6512,0.0103,-0.3010,-0.0770
65.6846,0.0004,-0.3030,0.0280
65.7181,-0.0110,-0.3021,0.1459
65.7516,-0.0216,-0.2980,0.2612
65.7851,-0.0318,-0.2893,0.3627
65.8185,-0.0407,-0.2781,0.4705
65.8520,-0.0507,-0.2616,0.5782
65.8855,-0.0602,-0.2464,0.6650
65.9190,-0.0679,-0.2227,0.7469
65.9525,-0.0754,-0.1941,0.8150
65.9859,-0.0818,-0.1649,0.8643
66.0194,-0.0867,-0.1332,0.9062
66.0529,-0.0921,-0.1039,0.9401
66.0864,-0.0956,-0.0730,0.9521
66.1199,-0.0983,-0.0410,0.9442
66.1533,-0.0995,-0.0086,0.9354
66.1868,-0.0995,0.0239,0.9090
66.2203,-0.0982,0.0523,0.8681
66.2538,-0.0957,0.0806,0.8264
66.2872,-0.0932,0.1082,0.7906
66.3207,-0.0905,0.1348,0.7505
66.3542,-0.0854,0.1611,0.7051
66.3877,-0.0802,0.1848,0.6480
66.4212,-0.0741,0.2029,0.5895
66.4546,-0.0672,0.2213,0.5348
66.4881,-0.0600,0.2425,0.4699
66.5216,-0.0512,0.2556,0.4069
66.5551,-0.0437,0.2713,0.3336
66.5886,-0.0348,0.2823,0.2505
66.6220,-0.0246,0.2928,0.1684
66.6555,-0.0149,0.2983,0.0779
66.6890,-0.0048,0.2997,-0.0160
66.7225,0.0054,0.2999,-0.1058
66.7559,0.0145,0.2974,-0.2224
66.7894,0.0258,0.2913,-0.3343
66.8229,0.0360,0.2787,-0.4155
66.8564,0.0436,0.2661,-0.5298
66.8899,0.0537,0.2485,-0.6122
66.9233,0.0615,0.2266,-0.7044
66.9568,0.0703,0.2040,-0.7720
66.9903,0.0766,0.1761,-0.8300
67.0238,0.0817,0.1474,-0.8898
67.0572,0.0880,0.1183,-0.9292
67.0907,0.0919,0.0833,-0.9506
67.1242,0.0944,0.0543,-0.9516
67.1577,0.0957,0.0249,-0.9509
67.1912,0.0970,-0.0136,-0.9348
67.2246,0.0970,-0.0410,-0.9042
67.2581,0.0945,-0.0747,-0.8749
67.2916,0.0919,-0.1009,-0.8342
67.3251,0.0882,-0.1296,-0.7980
67.3586,0.0844,-0.1585,-0.7527
67.3920,0.0793,-0.1807,-0.7012
67.4255,0.0730,-0.2018,-0.6527
67.4590,0.0666,-0.2214,-0.5852
67.4925,0.0590,-0.2423,-0.5068
67.5259,0.0501,-0.2601,-0.4616
67.5594,0.0426,-0.2743,-0.3724
67.5929,0.0324,-0.2901,-0.2965
67.6264,0.0235,-0.3011,-0.1985
67.6599,0.0133,-0.3093,-0.0968
67.6933,0.0032,-0.3123,-0.0065
67.7268,-0.0070,-0.3124,0.1056
67.7603,-0.0172,-0.3078,0.2281
67.7938,-0.0282,-0.3008,0.3543
67.8273,-0.0395,-0.2905,0.4613
67.8607,-0.0495,-0.2785,0.5650
67.8942,-0.0584,-0.2542,0.6616
67.9277,-0.0672,-0.2332,0.7401
67.9612,-0.0747,-0.2069,0.8140
67.9946,-0.0815,-0.1786,0.8709
68.0281,-0.0875,-0.1508,0.9169
68.0616,-0.0925,-0.1158,0.9499
68.0951,-0.0962,-0.0817,0.9695
68.1286,-0.0999,-0.0505,0.9666
68.1620,-0.1012,-0.0219,0.9430
68.1955,-0.1013,0.0100,0.9080
68.2290,-0.0999,0.0411,0.9040
68.2625,-0.0995,0.0725,0.8613
68.2959,-0.0974,0.1025,0.8243
68.3294,-0.0938,0.1289,0.7729
68.3629,-0.0899,0.1542,0.7159
68.3964,-0.0835,0.1779,0.6737
68.4299,-0.0786,0.1981,0.6316
68.4633,-0.0722,0.2165,0.5637
68.4968,-0.0645,0.2354,0.4899
68.5303,-0.0557,0.2567,0.4263
68.5638,-0.0474,0.2750,0.3464
68.5973,-0.0380,0.2808,0.2768
68.6307,-0.0294,0.2916,0.1965
68.6642,-0.0203,0.2965,0.1126
68.6977,-0.0101,0.3028,0.0169
68.7312,-0.0000,0.3049,-0.0788
68.7646,0.0101,0.3015,-0.1901
68.7981,0.0213,0.2914,-0.2945
68.8316,0.0316,0.2852,-0.4053
68.8651,0.0417,0.2740,-0.4902
68.8986,0.0493,0.2554,-0.5583
68.9320,0.0571,0.2389,-0.6692
68.9655,0.0671,0.2143,-0.7407
68.9990,0.0734,0.1898,-0.8174
69.0325,0.0810,0.1597,-0.8596
69.0660,0.0849,0.1309,-0.9042
69.0994,0.0899,0.0988,-0.9257
69.1329,0.0926,0.0698,-0.9582
69.1664,0.0964,0.0358,-0.9394
69.1999,0.0963,0.0075,-0.9322
69.2333,0.0964,-0.0249,-0.9198
69.2668,0.0964,-0.0625,-0.8850
69.3003,0.0939,-0.0869,-0.8553
69.3338,0.0914,-0.1166,-0.8102
69.3673,0.0863,-0.1406,-0.7699
69.4007,0.0824,-0.1689,-0.7193
69.4342,0.0762,-0.1886,-0.6701
69.4677,0.0698,-0.2130,-0.5993
69.5012,0.0622,-0.2285,-0.5548
69.5347,0.0559,-0.2538,-0.4731
69.5681,0.0470,-0.2681,-0.3919
69.6016,0.0369,-0.2813,-0.3382
69.6351,0.0293,-0.2927,-0.2424
69.6686,0.0192,-0.3003,-0.1544
69.7020,0.0091,-0.3065,-0.0438
69.7355,-0.0009,-0.3087,0.0515
69.7690,-0.0110,-0.3074,0.1769
69.8025,-0.0228,-0.3019,0.2798
69.8360,-0.0330,-0.2971,0.4035
69.8694,-0.0439,-0.2782,0.4867
69.9029,-0.0515,-0.2632,0.5929
69.9364,-0.0615,-0.2469,0.6833
69.9699,-0.0690,-0.2195,0.7621
70.0033,-0.0767,-0.1929,0.8332
70.0368,-0.0829,-0.1628,0.8909
70.0703,-0.0893,-0.1339,0.9260
70.1038,-0.0929,-0.1003,0.9499
70.1373,-0.0968,-0.0716,0.9670
70.1707,-0.0994,-0.0383,0.9493
70.2042,-0.0993,-0.0078,0.9502
70.2377,-0.1007,0.0274,0.9212
70.2712,-0.0994,0.0563,0.8726
70.3047,-0.0971,0.0864,0.8391
70.3381,-0.0942,0.1151,0.7927
70.3716,-0.0906,0.1415,0.7447
70.4051,-0.0867,0.1637,0.6854
70.4386,-0.0801,0.1883,0.6364
70.4720,-0.0740,0.2100,0.5727
70.5055,-0.0663,0.2263,0.5112
70.5390,-0.0589,0.2448,0.4477
70.5725,-0.0513,0.2577,0.3841
70.6060,-0.0424,0.2702,0.3171
70.6394,-0.0336,0.2824,0.2385
70.6729,-0.0238,0.2900,0.1640
70.7064,-0.0146,0.2955,0.0765
70.7399,-0.0045,0.2990,-0.0261
70.7734,0.0057,0.3008,-0.1129
70.8068,0.0157,0.2975,-0.2026
70.8403,0.0247,0.2905,-0.3114
70.8738,0.0348,0.2817,-0.4064
70.9073,0.0449,0.2660,-0.5139
70.9407,0.0538,0.2510,-0.6089
70.9742,0.0627,0.2271,-0.6953
71.0077,0.0704,0.2052,-0.7785
71.0412,0.0780,0.1767,-0.8484
71.0747,0.0843,0.1488,-0.8962
71.1081,0.0882,0.1218,-0.9339
71.1416,0.0921,0.0887,-0.9537
71.1751,0.0945,0.0532,-0.9680
71.2086,0.0972,0.0213,-0.9581
71.2420,0.0972,-0.0130,-0.9434
71.2755,0.0972,-0.0436,-0.9089
71.3090,0.0947,-0.0755,-0.8903
71.3425,0.0933,-0.1047,-0.8456
71.3760,0.0895,-0.1311,-0.8172
71.4094,0.0857,-0.1558,-0.7652
71.4429,0.0806,-0.1822,-0.6901
71.4764,0.0730,-0.2034,-0.6403
71.5099,0.0666,-0.2261,-0.5815
71.5434,0.0591,-0.2432,-0.5117
71.5768,0.0502,-0.2613,-0.4465
71.6103,0.0426,-0.2783,-0.3636
71.6438,0.0325,-0.2942,-0.2855
71.6773,0.0237,-0.3020,-0.1977
71.7107,0.0136,-0.3107,-0.0950
71.7442,0.0035,-0.3090,0.0166
71.7777,-0.0069,-0.3084,0.1234
71.8112,-0.0172,-0.3103,0.2484
71.8447,-0.0285,-0.2994,0.3592
71.8781,-0.0387,-0.2886,0.4839
71.9116,-0.0490,-0.2739,0.5887
71.9451,-0.0590,-0.2535,0.6717
71.9786,-0.0667,-0.2323,0.7472
72.0121,-0.0742,-0.2050,0.8243
72.0455,-0.0810,-0.1744,0.8728
72.0790,-0.0860,-0.1432,0.9345
72.1125,-0.0924,-0.1110,0.9659
72.1460,-0.0961,-0.0767,0.9601
72.1794,-0.0974,-0.0463,0.9694
72.2129,-0.0998,-0.0131,0.9516
72.2464,-0.0998,0.0146,0.9223
72.2799,-0.0996,0.0440,0.8818
72.3134,-0.0973,0.0775,0.8368
72.3468,-0.0946,0.1065,0.7902
72.3803,-0.0907,0.1322,0.7495
72.4138,-0.0871,0.1592,0.7018
72.4473,-0.0820,0.1789,0.6557
72.4807,-0.0758,0.1995,0.6112
72.5142,-0.0694,0.2216,0.5473
72.5477,-0.0618,0.2367,0.4952
72.5812,-0.0542,0.2524,0.4168
72.6147,-0.0442,0.2660,0.3434
72.6481,-0.0352,0.2812,0.2850
72.6816,-0.0269,0.2911,0.2074
72.7151,-0.0176,0.3002,0.1214
72.7486,-0.0075,0.3040,0.0395
72.7821,0.0026,0.3060,-0.0659
72.8155,0.0128,0.3029,-0.1741
72.8490,0.0228,0.2957,-0.2750
72.8825,0.0329,0.2888,-0.3961
72.9160,0.0431,0.2742,-0.4996
72.9494,0.0532,0.2610,-0.6077
72.9829,0.0621,0.2422,-0.6925
73.0164,0.0697,0.2158,-0.7749
73.0499,0.0773,0.1899,-0.8384
73.0834,0.0837,0.1609,-0.8946
73.1168,0.0888,0.1278,-0.9330
73.1503,0.0926,0.0951,-0.9624
73.1838,0.0963,0.0622,-0.9813
73.2173,0.0989,0.0281,-0.9725
73.2508,0.0990,-0.0014,-0.9606
73.2842,0.0990,-0.0354,-0.9237
73.3177,0.0977,-0.0643,-0.8905
73.3512,0.0953,-0.0947,-0.8572
73.3847,0.0926,-0.1226,-0.8058
73.4181,0.0876,-0.1498,-0.7543
73.4516,0.0825,-0.1748,-0.7147
73.4851,0.0775,-0.1983,-0.6624
73.5186,0.0711,-0.2193,-0.5974
73.5521,0.0635,-0.2374,-0.5419
73.5855,0.0559,-0.2557,-0.4626
73.6190,0.0458,-0.2722,-0.3911
73.6525,0.0382,-0.2884,-0.3051
73.6860,0.0282,-0.2975,-0.2176
73.7195,0.0180,-0.3045,-0.1173
73.7529,0.0080,-0.3114,-0.0274
73.7864,-0.0020,-0.3143,0.0866
73.8199,-0.0126,-0.3085,0.1985
73.8534,-0.0235,-0.3009,0.3073
73.8868,-0.0336,-0.2935,0.4193
73.9203,-0.0436,-0.2772,0.5331
73.9538,-0.0538,-0.2608,0.6262
73.9873,-0.0626,-0.2397,0.7066
74.0208,-0.0693,-0.2153,0.7922
74.0542,-0.0775,-0.1881,0.8543
74.0877,-0.0838,-0.1610,0.9053
74.1212,-0.0889,-0.1247,0.9307
74.1547,-0.0926,-0.0951,0.9563
74.1881,-0.0965,-0.0639,0.9723
74.2216,-0.0990,-0.0298,0.9541
74.2551,-0.0988,0.0041,0.9474
74.2886,-0.0990,0.0320,0.9178
74.3221,-0.0990,0.0644,0.8711
74.3555,-0.0954,0.0949,0.8318
74.3890,-0.0925,0.1200,0.7866
74.4225,-0.0888,0.1483,0.7300
74.4560,-0.0826,0.1697,0.6929
74.4895,-0.0788,0.1938,0.6189
74.5229,-0.0711,0.2151,0.5567
74.5564,-0.0635,0.2310,0.4933
74.5899,-0.0560,0.2504,0.4323
74.6234,-0.0484,0.2620,0.3493
74.6568,-0.0388,0.2731,0.2904
74.6903,-0.0307,0.2875,0.2085
74.7238,-0.0207,0.2940,0.1154
74.7573,-0.0105,0.2976,0.0379
74.7908,-0.0018,0.2984,-0.0682
74.8242,0.0096,0.2927,-0.1638
74.8577,0.0197,0.2926,-0.2490
74.8912,0.0286,0.2834,-0.3563
74.9247,0.0387,0.2730,-0.4525
74.9582,0.0476,0.2574,-0.5507
74.9916,0.0576,0.2419,-0.6436
75.0251,0.0652,0.2146,-0.7081
75.0586,0.0716,0.1922,-0.7706
75.0921,0.0779,0.1673,-0.8306
75.1255,0.0831,0.1353,-0.8798
75.1590,0.0893,0.1079,-0.9281
75.1925,0.0931,0.0786,-0.9294
75.2260,0.0945,0.0420,-0.9420
75.2595,0.0970,0.0106,-0.9313
75.2929,0.0970,-0.0184,-0.9070
75.3264,0.0958,-0.0489,-0.8708
75.3599,0.0933,-0.0769,-0.8604
75.3934,0.0921,-0.1064,-0.8118
75.4268,0.0881,-0.1361,-0.7623
75.4603,0.0832,-0.1611,-0.7151
75.4938,0.0780,-0.1833,-0.6571
75.5273,0.0717,-0.2016,-0.5959
75.5608,0.0642,-0.2249,-0.5463
75.5942,0.0578,-0.2401,-0.4816
75.6277,0.0503,-0.2557,-0.4030
75.6612,0.0402,-0.2728,-0.3282
75.6947,0.0326,-0.2858,-0.2385
75.7282,0.0225,-0.2892,-0.1467
75.7616,0.0123,-0.2969,-0.0642
75.7951,0.0034,-0.2990,0.0360
75.8286,-0.0077,-0.3006,0.1414
75.8621,-0.0168,-0.2962,0.2558
75.8955,-0.0278,-0.2876,0.3526
75.9290,-0.0372,-0.2749,0.4674
75.9625,-0.0467,-0.2590,0.5613
75.9960,-0.0560,-0.2413,0.6337
76.0295,-0.0631,-0.2177,0.7127
76.0629,-0.0705,-0.1933,0.7941
76.0964,-0.0781,-0.1679,0.8457
76.1299,-0.0831,-0.1365,0.8915
76.1634,-0.0884,-0.1067,0.9054
76.1969,-0.0907,-0.0759,0.9139
76.2303,-0.0930,-0.0452,0.9141
76.2638,-0.0957,-0.0136,0.9004
76.2973,-0.0957,0.0132,0.8775
76.3308,-0.0944,0.0440,0.8475
76.3642,-0.0938,0.0772,0.8093
76.3977,-0.0906,0.1024,0.7720
76.4312,-0.0875,0.1265,0.7223
76.4647,-0.0830,0.1499,0.6800
76.4982,-0.0780,0.1693,0.6337
76.5316,-0.0730,0.1919,0.5811
76.5651,-0.0655,0.2114,0.5268
76.5986,-0.0591,0.2278,0.4743
76.6321,-0.0515,0.2442,0.4001
76.6656,-0.0417,0.2588,0.3343
76.6990,-0.0339,0.2691,0.2775
76.7325,-0.0264,0.2811,0.1971
76.7660,-0.0163,0.2866,0.1177
76.7995,-0.0075,0.2913,0.0197
76.8329,0.0027,0.2931,-0.0853
76.8664,0.0128,0.2897,-0.1858
76.8999,0.0229,0.2849,-0.2840
76.9334,0.0330,0.2758,-0.3871
76.9669,0.0419,0.2616,-0.4925
77.0003,0.0507,0.2471,-0.5831
77.0338,0.0596,0.2280,-0.6685
77.0673,0.0672,0.2038,-0.7370
77.1008,0.0735,0.1789,-0.8018
77.1342,0.0799,0.1474,-0.8586
77.1677,0.0851,0.1201,-0.8845
77.2012,0.0889,0.0900,-0.9072
77.2347,0.0914,0.0603,-0.8891
77.2682,0.0939,0.0276,-0.9115
77.3016,0.0940,-0.0046,-0.9213
77.3351,0.0940,-0.0315,-0.9073
77.3686,0.0940,-0.0604,-0.8745
77.4021,0.0915,-0.0896,-0.8297
77.4356,0.0876,-0.1167,-0.7741
77.4690,0.0838,-0.1425,-0.7216
77.5025,0.0801,-0.1618,-0.6536
77.5360,0.0737,-0.1869,-0.5899
77.5695,0.0674,-0.2083,-0.5146
77.6029,0.0598,-0.2425,-0.4468
77.6364,0.0535,-0.2526,-0.3813
77.6699,0.0459,-0.2594,-0.2914
77.7034,0.0358,-0.2632,-0.2158
77.7369,0.0270,-0.2672,-0.1360
77.7703,0.0181,-0.2719,-0.0584
77.8038,0.0081,-0.2740,0.0256
77.8373,-0.0011,-0.2750,0.1236
77.8708,-0.0130,-0.2739,0.1946
77.9043,-0.0221,-0.2676,0.2727
77.9377,-0.0323,-0.2614,0.2534
77.9712,-0.0323,-0.2512,0.3282
78.0047,-0.0417,-0.2363,0.4097
78.0382,-0.0510,-0.2245,0.4905
78.0716,-0.0592,-0.2055,0.5760
78.1051,-0.0676,-0.1868,0.6504
78.1386,-0.0751,-0.1643,0.7223
78.1721,-0.0815,-0.1437,0.7702
78.2056,-0.0851,-0.1240,0.8076
78.2390,-0.0889,-0.0994,0.8510
78.2725,-0.0927,-0.0785,0.8755
78.3060,-0.0952,-0.0280,0.8791
78.3395,-0.0951,0.0027,0.8851
78.3729,-0.0951,0.0324,0.8650
78.4064,-0.0939,0.0642,0.8531
78.4399,-0.0926,0.0911,0.8176
78.4734,-0.0889,0.1166,0.7902
78.5069,-0.0862,0.1378,0.7269
78.5403,-0.0800,0.1627,0.6624
78.5738,-0.0748,0.1866,0.5937
78.6073,-0.0687,0.2036,0.5031
78.6408,-0.0610,0.2184,0.4753
78.6743,-0.0546,0.2369,0.4218
78.7077,-0.0463,0.2509,0.3504
78.7412,-0.0375,0.2647,0.2948
78.7747,-0.0295,0.2723,0.2246
78.8082,-0.0206,0.2818,0.1536
78.8416,-0.0118,0.2827,0.0631
78.8751,-0.0017,0.2902,-0.0299
78.9086,0.0085,0.2887,-0.1164
78.9421,0.0173,0.2848,-0.2135
78.9756,0.0273,0.2783,-0.3267
79.0090,0.0375,0.2699,-0.4139
79.0425,0.0463,0.2534,-0.5137
79.0760,0.0552,0.2401,-0.5917
79.1095,0.0628,0.2187,-0.6788
79.1430,0.0704,0.1954,-0.7444
79.1764,0.0768,0.1664,-0.8171
79.2099,0.0831,0.1371,-0.8514
79.2434,0.0870,0.1104,-0.8875
79.2769,0.0908,0.0800,-0.9120
79.3103,0.0934,0.0471,-0.9207
79.3438,0.0960,0.0197,-0.9043
79.3773,0.0947,-0.0133,-0.9079
79.4108,0.0959,-0.0404,-0.8683
79.4443,0.0934,-0.0720,-0.8459
79.4777,0.0908,-0.0993,-0.8092
79.5112,0.0870,-0.1266,-0.7747
79.5447,0.0833,-0.1508,-0.7447
79.5782,0.0794,-0.1763,-0.6921
79.6117,0.0732,-0.1990,-0.6342
79.6451,0.0655,-0.2186,-0.5855
79.6786,0.0592,-0.2372,-0.5140
79.7121,0.0504,-0.2590,-0.4515
79.7456,0.0428,-0.2695,-0.3596
79.7790,0.0327,-0.2866,-0.2782
79.8125,0.0238,-0.2946,-0.1835
79.8460,0.0138,-0.3022,-0.0822
79.8795,0.0037,-0.3074,0.0248
79.9130,-0.0064,-0.3037,0.1364
79.9464,-0.0169,-0.2994,0.2514
79.9799,-0.0270,-0.2940,0.3724
80.0134,-0.0379,-0.2805,0.4731
80.0469,-0.0468,-0.2646,0.5583
80.0803,-0.0555,-0.2429,0.6664
80.1138,-0.0644,-0.2227,0.7262
80.1473,-0.0707,-0.1969,0.8058
80.1808,-0.0783,-0.1685,0.8602
80.2143,-0.0846,-0.1395,0.8866
80.2477,-0.0883,-0.1069,0.9166
80.2812,-0.0920,-0.0766,0.9224
80.3147,-0.0947,-0.0466,0.9141
80.3482,-0.0959,-0.0198,0.8964
80.3817,-0.0957,0.0136,0.8761
80.4151,-0.0959,0.0457,0.8527
80.4486,-0.0945,0.0707,0.8055
80.4821,-0.0919,0.1029,0.7670
80.5156,-0.0882,0.1244,0.7193
80.5490,-0.0844,0.1456,0.6773
80.5825,-0.0793,0.1695,0.6377
80.6160,-0.0744,0.1892,0.5955
80.6495,-0.0680,0.2099,0.5356
80.6830,-0.0603,0.2264,0.4620
80.7164,-0.0516,0.2446,0.4092
80.7499,-0.0440,0.2570,0.3565
80.7834,-0.0365,0.2675,0.2824
80.8169,-0.0267,0.2799,0.2284
80.8504,-0.0187,0.2865,0.1420
80.8838,-0.0086,0.2945,0.0423
80.9173,0.0015,0.2954,-0.0477
80.9508,0.0114,0.2936,-0.1513
80.9843,0.0217,0.2852,-0.2390
81.0177,0.0306,0.2790,-0.3470
81.0512,0.0407,0.2715,-0.4484
81.0847,0.0496,0.2571,-0.5426
81.1182,0.0584,0.2379,-0.6465
81.1517,0.0673,0.2167,-0.7207
81.1851,0.0737,0.1889,-0.7984
81.2186,0.0813,0.1609,-0.8399
81.2521,0.0851,0.1343,-0.8904
81.2856,0.0902,0.1036,-0.9148
81.3190,0.0928,0.0739,-0.9469
81.3525,0.0966,0.0369,-0.9497
81.3860,0.0978,0.0055,-0.9286
81.4195,0.0979,-0.0235,-0.9013
81.4530,0.0967,-0.0571,-0.8727
81.4864,0.0941,-0.0825,-0.8367
81.5199,0.0916,-0.1115,-0.8024
81.5534,0.0878,-0.1350,-0.7704
81.5869,0.0840,-0.1636,-0.7150
81.6204,0.0777,-0.1841,-0.6572
81.6538,0.0713,-0.2086,-0.5977
81.6873,0.0637,-0.2259,-0.5554
81.7208,0.0574,-0.2431,-0.4964
81.7543,0.0498,-0.2606,-0.4183
81.7877,0.0396,-0.2770,-0.3523
81.8212,0.0321,-0.2898,-0.2633
81.8547,0.0220,-0.2991,-0.1674
81.8882,0.0119,-0.3064,-0.0605
81.9217,0.0018,-0.3054,0.0370
81.9551,-0.0083,-0.3052,0.1634
81.9886,-0.0196,-0.3039,0.2759
82.0221,-0.0298,-0.2959,0.3923
82.0556,-0.0398,-0.2812,0.5066
82.0891,-0.0500,-0.2628,0.6119
82.1225,-0.0587,-0.2440,0.6921
82.1560,-0.0663,-0.2187,0.7744
82.1895,-0.0740,-0.1898,0.8367
82.2230,-0.0803,-0.1623,0.8788
82.2564,-0.0851,-0.1305,0.9296
82.2899,-0.0903,-0.0963,0.9529
82.3234,-0.0942,-0.0669,0.9431
82.3569,-0.0951,-0.0371,0.9302
82.3904,-0.0966,-0.0048,0.9006
82.4238,-0.0965,0.0253,0.8776
82.4573,-0.0954,0.0525,0.8324
82.4908,-0.0941,0.0840,0.7818
82.5243,-0.0902,0.1082,0.7475
82.5578,-0.0877,0.1340,0.6937
82.5912,-0.0825,0.1598,0.6524
82.6247,-0.0775,0.1780,0.6113
82.6582,-0.0723,0.1947,0.5546
82.6917,-0.0655,0.2142,0.5010
82.7251,-0.0573,0.2288,0.4435
82.7586,-0.0497,0.2475,0.3932
82.7921,-0.0421,0.2578,0.3151
82.8256,-0.0325,0.2691,0.2662
82.8591,-0.0244,0.2827,0.1892
82.8925,-0.0146,0.2869,0.1143
82.9260,-0.0055,0.2930,0.0431
82.9595,0.0034,0.2926,-0.0594
82.9930,0.0135,0.2903,-0.1641
83.0264,0.0236,0.2868,-0.2584
83.0599,0.0338,0.2771,-0.3735
83.0934,0.0439,0.2679,-0.4606
83.1269,0.0515,0.2489,-0.5710
83.1604,0.0617,0.2358,-0.6642
83.1938,0.0692,0.2100,-0.7322
83.2273,0.0757,0.1854,-0.8057
83.2608,0.0820,0.1574,-0.8564
83.2943,0.0871,0.1244,-0.9073
83.3278,0.0922,0.0955,-0.9370
83.3612,0.0948,0.0638,-0.9460
83.3947,0.0960,0.0289,-0.9559
83.4282,0.0986,-0.0001,-0.9342
83.4617,0.0973,-0.0349,-0.9241
83.4951,0.0973,-0.0625,-0.8744
83.5286,0.0936,-0.0907,-0.8434
83.5621,0.0910,-0.1196,-0.7961
83.5956,0.0872,-0.1463,-0.7497
83.6291,0.0822,-0.1721,-0.7015
83.6625,0.0770,-0.1931,-0.6341
83.6960,0.0695,-0.2145,-0.5755
83.7295,0.0618,-0.2355,-0.5244
83.7630,0.0555,-0.2502,-0.4437
83.7965,0.0467,-0.2673,-0.3875
83.8299,0.0378,-0.2781,-0.2976
83.8634,0.0289,-0.2905,-0.2056
83.8969,0.0187,-0.2972,-0.1113
83.9304,0.0086,-0.3019,-0.0160
83.9638,-0.0015,-0.3012,0.0840
83.9973,-0.0114,-0.2994,0.1961
84.0308,-0.0215,-0.2970,0.3016
84.0643,-0.0317,-0.2872,0.4022
84.0978,-0.0416,-0.2709,0.5092
84.1312,-0.0505,-0.2567,0.6004
84.1647,-0.0593,-0.2313,0.6944
84.1982,-0.0668,-0.2088,0.7623
84.2317,-0.0745,-0.1830,0.8203
84.2651,-0.0807,-0.1559,0.8736
84.2986,-0.0855,-0.1246,0.9228
84.3321,-0.0908,-0.0932,0.9423
84.3656,-0.0932,-0.0626,0.9385
84.3991,-0.0944,-0.0304,0.9301
84.4325,-0.0960,0.0013,0.9177
84.4660,-0.0958,0.0321,0.8773
84.4995,-0.0933,0.0618,0.8572
84.5330,-0.0933,0.0886,0.8161
84.5665,-0.0894,0.1167,0.7680
84.5999,-0.0856,0.1457,0.7120
84.6334,-0.0804,0.1686,0.6687
84.6669,-0.0754,0.1864,0.6168
84.7004,-0.0692,0.2065,0.5580
84.7338,-0.0615,0.2254,0.4957
84.7673,-0.0541,0.2416,0.4324
84.8008,-0.0464,0.2557,0.3632
84.8343,-0.0376,0.2709,0.2961
84.8678,-0.0288,0.2794,0.2092
84.9012,-0.0179,0.2866,0.1347
84.9347,-0.0088,0.2927,0.0622
84.9682,-0.0010,0.2975,-0.0247
85.0017,0.0091,0.2944,-0.1316
85.0352,0.0193,0.2893,-0.2417
85.0686,0.0294,0.2810,-0.3419
85.1021,0.0395,0.2710,-0.4391
85.1356,0.0484,0.2568,-0.5452
85.1691,0.0573,0.2403,-0.6304
85.2025,0.0661,0.2176,-0.7115
85.2360,0.0724,0.1970,-0.7904
85.2695,0.0800,0.1687,-0.8445
85.3030,0.0852,0.1376,-0.8804
85.3365,0.0890,0.1043,-0.9102
85.3699,0.0928,0.0722,-0.9337
85.4034,0.0953,0.0435,-0.9488
85.4369,0.0978,0.0113,-0.9387
85.4704,0.0979,-0.0226,-0.9156
85.5039,0.0967,-0.0502,-0.8753
85.5373,0.0942,-0.0789,-0.8468
85.5708,0.0916,-0.1086,-0.7967
85.6043,0.0878,-0.1321,-0.7508
85.6378,0.0840,-0.1576,-0.7031
85.6712,0.0777,-0.1819,-0.6607
85.7047,0.0726,-0.2065,-0.6194
85.7382,0.0663,-0.2257,-0.5468
85.7717,0.0574,-0.2399,-0.4858
85.8052,0.0499,-0.2553,-0.4277
85.8386,0.0423,-0.2703,-0.3491
85.8721,0.0322,-0.2862,-0.2638
85.9056,0.0232,-0.2942,-0.1751
85.9391,0.0133,-0.3005,-0.0749
85.9725,0.0029,-0.3044,0.0345
86.0060,-0.0073,-0.3060,0.1451
86.0395,-0.0182,-0.3020,0.2444
86.0730,-0.0270,-0.2896,0.3534
86.1065,-0.0371,-0.2813,0.4776
86.1399,-0.0471,-0.2654,0.5797
86.1734,-0.0565,-0.2444,0.6769
86.2069,-0.0650,-0.2204,0.7460
86.2404,-0.0716,-0.1944,0.8232
86.2739,-0.0788,-0.1671,0.8799
86.3073,-0.0850,-0.1344,0.9092
86.3408,-0.0888,-0.1049,0.9297
86.3743,-0.0925,-0.0747,0.9334
86.4078,-0.0937,-0.0409,0.9305
86.4412,-0.0962,-0.0082,0.9074
86.4747,-0.0962,0.0190,0.8705
86.5082,-0.0951,0.0503,0.8368
86.5417,-0.0926,0.0772,0.8025
86.5752,-0.0912,0.1063,0.7540
86.6086,-0.0873,0.1285,0.6993
86.6421,-0.0823,0.1497,0.6634
86.6756,-0.0787,0.1740,0.6129
86.7091,-0.0723,0.1919,0.5613
86.7426,-0.0660,0.2097,0.5082
86.7760,-0.0585,0.2285,0.4651
86.8095,-0.0514,0.2417,0.3974
86.8430,-0.0419,0.2580,0.3506
86.8765,-0.0344,0.2698,0.2796
86.9099,-0.0254,0.2769,0.2148
86.9434,-0.0166,0.2857,0.1361
86.9769,-0.0066,0.2936,0.0417
87.0104,0.0032,0.2936,-0.0399
87.0439,0.0122,0.2923,-0.1456
87.0773,0.0224,0.2868,-0.2533
87.1108,0.0338,0.2821,-0.3507
87.1443,0.0414,0.2686,-0.4619
87.1778,0.0516,0.2566,-0.5589
87.2112,0.0592,0.2339,-0.6540
87.2447,0.0681,0.2134,-0.7496
87.2782,0.0757,0.1886,-0.8216
87.3117,0.0821,0.1589,-0.8764
87.3452,0.0872,0.1305,-0.9152
87.3786,0.0910,0.0961,-0.9471
87.4121,0.0948,0.0642,-0.9659
87.4456,0.0973,0.0324,-0.9434
87.4791,0.0973,-0.0024,-0.9383
87.5126,0.0973,-0.0342,-0.9013
87.5460,0.0961,-0.0648,-0.8770
87.5795,0.0948,-0.0937,-0.8337
87.6130,0.0911,-0.1192,-0.7861
87.6465,0.0860,-0.1442,-0.7439
87.6799,0.0822,-0.1658,-0.6823
87.7134,0.0758,-0.1912,-0.6374
87.7469,0.0695,-0.2101,-0.5744
87.7804,0.0619,-0.2265,-0.5234
87.8139,0.0556,-0.2500,-0.4676
87.8473,0.0467,-0.2634,-0.4062
87.8808,0.0392,-0.2789,-0.3202
87.9143,0.0290,-0.2895,-0.2414
87.9478,0.0202,-0.2979,-0.1439
87.9813,0.0101,-0.3036,-0.0410
88.0147,0.0001,-0.3041,0.0722
88.0482,-0.0116,-0.3054,0.1750
88.0817,-0.0213,-0.2991,0.3010
88.1152,-0.0319,-0.2938,0.4231
88.1486,-0.0428,-0.2766,0.5095
88.1821,-0.0506,-0.2579,0.6206
88.2156,-0.0605,-0.2328,0.7001
88.2491,-0.0680,-0.2129,0.7734
88.2826,-0.0742,-0.1839,0.8418
88.3160,-0.0805,-0.1552,0.8901
88.3495,-0.0867,-0.1249,0.9284
88.3830,-0.0908,-0.0932,0.9340
88.4165,-0.0932,-0.0593,0.9346
88.4499,-0.0957,-0.0314,0.9062
88.4834,-0.0954,-0.0021,0.8931
88.5169,-0.0953,0.0320,0.8714
88.5504,-0.0953,0.0576,0.8550
88.5839,-0.0943,0.0874,0.8068
88.6173,-0.0903,0.1162,0.7679
88.6508,-0.0866,0.1389,0.7181
88.6843,-0.0816,0.1614,0.6624
88.7178,-0.0752,0.1813,0.6133
88.7513,-0.0702,0.2029,0.5758
88.7847,-0.0639,0.2226,0.5049
88.8182,-0.0551,0.2436,0.4448
88.8517,-0.0475,0.2593,0.3906
88.8852,-0.0393,0.2713,0.3106
88.9186,-0.0300,0.2785,0.2399
88.9521,-0.0214,0.2862,0.1652
88.9856,-0.0123,0.2908,0.0744
89.0191,-0.0012,0.2944,-0.0228
89.0526,0.0082,0.2975,-0.1341
89.0860,0.0191,0.2949,-0.2339
89.1195,0.0293,0.2841,-0.3237
89.1530,0.0383,0.2775,-0.4204
89.1865,0.0472,0.2618,-0.5090
89.2200,0.0560,0.2433,-0.5930
89.2534,0.0637,0.2237,-0.6891
89.2869,0.0713,0.1993,-0.7630
89.3204,0.0789,0.1724,-0.8355
89.3539,0.0852,0.1432,-0.8848
89.3873,0.0904,0.1132,-0.9133
89.4208,0.0942,0.0858,-0.9253
89.4543,0.0955,0.0552,-0.9434
89.4878,0.0981,0.0187,-0.9345
89.5213,0.0980,-0.0102,-0.9261
89.5547,0.0980,-0.0423,-0.9098
89.5882,0.0968,-0.0757,-0.8776
89.6217,0.0943,-0.1024,-0.8422
89.6552,0.0904,-0.1312,-0.7970
89.6887,0.0854,-0.1544,-0.7512
89.7221,0.0815,-0.1786,-0.7012
89.7556,0.0752,-0.2009,-0.6270
89.7891,0.0676,-0.2250,-0.5583
89.8226,0.0600,-0.2448,-0.4996
89.8560,0.0538,-0.2616,-0.4115
89.8895,0.0436,-0.2757,-0.3343
89.9230,0.0348,-0.2861,-0.2485
89.9565,0.0260,-0.2944,-0.1517
89.9900,0.0147,-0.2993,-0.0534
90.0234,0.0055,-0.3028,0.0547
90.0569,-0.0055,-0.3013,0.1595
90.0904,-0.0156,-0.2946,0.2656
90.1239,-0.0257,-0.2888,0.3680
90.1573,-0.0357,-0.2760,0.4601
90.1908,-0.0439,-0.2585,0.5477
90.2243,-0.0532,-0.2416,0.6293
90.2578,-0.0609,-0.2174,0.7010
90.2913,-0.0684,-0.1948,0.7673
90.3247,-0.0748,-0.1678,0.8259
90.3582,-0.0810,-0.1411,0.8649
90.3917,-0.0862,-0.1118,0.8818
90.4252,-0.0887,-0.0811,0.9070
90.4587,-0.0922,-0.0497,0.9007
90.4921,-0.0935,-0.0222,0.8979
90.5256,-0.0949,0.0086,0.8826
90.5591,-0.0934,0.0389,0.8540
90.5926,-0.0923,0.0678,0.8315
90.6260,-0.0911,0.0977,0.7857
90.6595,-0.0861,0.1236,0.7529
90.6930,-0.0836,0.1460,0.6960
90.7265,-0.0770,0.1671,0.6511
90.7600,-0.0719,0.1929,0.6007
90.7934,-0.0658,0.2099,0.5489
90.8269,-0.0596,0.2295,0.4714
90.8604,-0.0513,0.2434,0.4061
90.8939,-0.0422,0.2585,0.3367
90.9274,-0.0343,0.2703,0.2584
90.9608,-0.0248,0.2781,0.1929
90.9943,-0.0166,0.2876,0.1127
91.0278,-0.0069,0.2882,0.0124
91.0613,0.0033,0.2930,-0.0886
91.0947,0.0135,0.2887,-0.1707
91.1282,0.0226,0.2820,-0.2777
91.1617,0.0326,0.2707,-0.3733
91.1952,0.0415,0.2620,-0.4684
91.2287,0.0504,0.2464,-0.5615
91.2621,0.0592,0.2278,-0.6474
91.2956,0.0668,0.2084,-0.7239
91.3291,0.0732,0.1805,-0.7820
91.3626,0.0796,0.1514,-0.8395
91.3960,0.0846,0.1252,-0.8683
91.4295,0.0884,0.0961,-0.9014
91.4630,0.0922,0.0625,-0.9173
91.4965,0.0948,0.0325,-0.9320
91.5300,0.0961,0.0021,-0.9098
91.5634,0.0949,-0.0310,-0.8920
91.5969,0.0948,-0.0592,-0.8580
91.6304,0.0923,-0.0863,-0.8144
91.6639,0.0885,-0.1143,-0.7814
91.6974,0.0847,-0.1397,-0.7502
91.7308,0.0810,-0.1648,-0.6856
91.7643,0.0746,-0.1888,-0.6362
91.7978,0.0683,-0.2086,-0.5908
91.8313,0.0620,-0.2283,-0.5233
91.8647,0.0544,-0.2424,-0.4573
91.8982,0.0455,-0.2601,-0.3927
91.9317,0.0380,-0.2720,-0.3086
91.9652,0.0290,-0.2849,-0.2202
91.9987,0.0191,-0.2941,-0.1294
92.0321,0.0090,-0.2991,-0.0225
92.0656,-0.0011,-0.2970,0.0768
92.0991,-0.0112,-0.3006,0.1832
92.1326,-0.0212,-0.2931,0.2954
92.1661,-0.0313,-0.2810,0.4062
92.1995,-0.0401,-0.2695,0.5192
92.2330,-0.0501,-0.2514,0.6167
92.2665,-0.0590,-0.2295,0.7051
92.3000,-0.0667,-0.2067,0.7704
92.3334,-0.0729,-0.1794,0.8275
92.3669,-0.0791,-0.1493,0.8715
92.4004,-0.0843,-0.1214,0.9184
92.4339,-0.0892,-0.0880,0.9126
92.4674,-0.0903,-0.0565,0.9130
92.5008,-0.0930,-0.0249,0.9058
92.5343,-0.0944,0.0044,0.8756
92.5678,-0.0931,0.0335,0.8420
92.6013,-0.0931,0.0592,0.7971
92.6348,-0.0906,0.0861,0.7457
92.6682,-0.0865,0.1133,0.7046
92.7017,-0.0829,0.1370,0.6641
92.7352,-0.0792,0.1590,0.6045
92.7687,-0.0728,0.1744,0.5640
92.8021,-0.0677,0.1954,0.5163
92.8356,-0.0613,0.2121,0.4691
92.8691,-0.0551,0.2261,0.4179
92.9026,-0.0462,0.2393,0.3686
92.9361,-0.0387,0.2507,0.3045
92.9695,-0.0297,0.2637,0.2299
93.0030,-0.0210,0.2746,0.1681
93.0365,-0.0122,0.2792,0.0967
93.0700,-0.0033,0.2808,0.0111
93.1034,0.0055,0.2843,-0.0948
93.1369,0.0156,0.2811,-0.1898
93.1704,0.0257,0.2758,-0.2909
93.2039,0.0346,0.2673,-0.3983
93.2374,0.0434,0.2544,-0.5026
93.2708,0.0536,0.2355,-0.6026
93.3043,0.0612,0.2146,-0.6751
93.3378,0.0676,0.1956,-0.7431
93.3713,0.0739,0.1680,-0.8054
93.4048,0.0802,0.1369,-0.8627
93.4382,0.0853,0.1072,-0.8937
93.4717,0.0891,0.0772,-0.9070
93.5052,0.0917,0.0464,-0.9024
93.5387,0.0929,0.0151,-0.8887
93.5721,0.0917,-0.0143,-0.8657
93.6056,0.0918,-0.0422,-0.8434
93.6391,0.0905,-0.0681,-0.8211
93.6726,0.0892,-0.0982,-0.7595
93.7061,0.0841,-0.1237,-0.7179
93.7395,0.0804,-0.1484,-0.6915
93.7730,0.0765,-0.1684,-0.6457
93.8065,0.0702,-0.1860,-0.5985
93.8400,0.0639,-0.2063,-0.5569
93.8735,0.0576,-0.2265,-0.4954
93.9069,0.0500,-0.2438,-0.4268
93.9404,0.0412,-0.2595,-0.3623
93.9739,0.0336,-0.2720,-0.2689
94.0074,0.0235,-0.2775,-0.1892
94.0408,0.0146,-0.2907,-0.1031
94.0743,0.0046,-0.2972,-0.0094
94.1078,-0.0043,-0.2941,0.0931
94.1413,-0.0146,-0.2922,0.2168
94.1748,-0.0256,-0.2854,0.3284
94.2082,-0.0349,-0.2695,0.4222
94.2417,-0.0431,-0.2571,0.5344
94.2752,-0.0533,-0.2415,0.6124
94.3087,-0.0610,-0.2162,0.6955
94.3421,-0.0683,-0.1965,0.7758
94.3756,-0.0760,-0.1715,0.8103
94.4091,-0.0810,-0.1418,0.8441
94.4426,-0.0844,-0.1118,0.8789
94.4761,-0.0884,-0.0785,0.8860
94.5095,-0.0909,-0.0509,0.8795
94.5430,-0.0923,-0.0222,0.8892
94.5765,-0.0948,0.0116,0.8656
94.6100,-0.0937,0.0336,0.8305
94.6435,-0.0921,0.0653,0.8145
94.6769,-0.0910,0.0899,0.7650
94.7104,-0.0872,0.1138,0.7156
94.7439,-0.0821,0.1411,0.6738
94.7774,-0.0783,0.1630,0.6255
94.8108,-0.0718,0.1824,0.5898
94.8443,-0.0671,0.2024,0.5438
94.8778,-0.0605,0.2229,0.4826
94.9113,-0.0525,0.2354,0.4351
94.9448,-0.0455,0.2503,0.3576
94.9782,-0.0353,0.2641,0.3060
95.0117,-0.0279,0.2708,0.2233
95.0452,-0.0177,0.2796,0.1405
95.0787,-0.0089,0.2866,0.0713
95.1122,-0.0010,0.2894,-0.0242
95.1456,0.0098,0.2913,-0.1336
95.1791,0.0201,0.2871,-0.2324
95.2126,0.0301,0.2762,-0.3309
95.2461,0.0390,0.2673,-0.4350
95.2795,0.0479,0.2538,-0.5352
95.3130,0.0568,0.2376,-0.6253
95.3465,0.0644,0.2131,-0.7142
95.3800,0.0720,0.1914,-0.7879
95.4135,0.0784,0.1646,-0.8494
95.4469,0.0847,0.1304,-0.8894
95.4804,0.0886,0.0995,-0.9146
95.5139,0.0924,0.0713,-0.9240
95.5474,0.0937,0.0386,-0.9385
95.5809,0.0961,0.0084,-0.9217
95.6143,0.0962,-0.0247,-0.8842
95.6478,0.0937,-0.0538,-0.8451
95.6813,0.0925,-0.0816,-0.8202
95.7148,0.0899,-0.1100,-0.7682
95.7482,0.0861,-0.1351,-0.7204
95.7817,0.0810,-0.1563,-0.6822
95.8152,0.0760,-0.1800,-0.6441
95.8487,0.0709,-0.1993,-0.5854
95.8822,0.0633,-0.2199,-0.5377
95.9156,0.0570,-0.2338,-0.4758
95.9491,0.0481,-0.2486,-0.4180
95.9826,0.0406,-0.2676,-0.3492
96.0161,0.0317,-0.2815,-0.2659
96.0495,0.0216,-0.2884,-0.1897
96.0830,0.0128,-0.2970,-0.0947
96.1165,0.0027,-0.3012,0.0122
96.1500,-0.0076,-0.3035,0.1229
96.1835,-0.0174,-0.2973,0.2331
96.2169,-0.0275,-0.2913,0.3458
96.2504,-0.0376,-0.2782,0.4673
96.2839,-0.0477,-0.2630,0.5852
96.3174,-0.0572,-0.2436,0.6678
96.3509,-0.0653,-0.2197,0.7475
96.3843,-0.0716,-0.1960,0.8285
96.4178,-0.0792,-0.1649,0.8733
96.4513,-0.0842,-0.1347,0.9097
96.4848,-0.0893,-0.1025,0.9235
96.5182,-0.0918,-0.0728,0.9346
96.5517,-0.0943,-0.0383,0.9194
96.5852,-0.0957,-0.0076,0.9016
96.6187,-0.0955,0.0226,0.8663
96.6522,-0.0955,0.0484,0.8264
96.6856,-0.0930,0.0780,0.7800
96.7191,-0.0905,0.1038,0.7238
96.7526,-0.0867,0.1250,0.6896
96.7861,-0.0828,0.1497,0.6405
96.8196,-0.0778,0.1702,0.6011
96.8530,-0.0728,0.1899,0.5419
96.8865,-0.0650,0.2066,0.4985
96.9200,-0.0589,0.2234,0.4505
96.9535,-0.0512,0.2372,0.4055
96.9869,-0.0438,0.2510,0.3348
97.0204,-0.0348,0.2624,0.2803
97.0539,-0.0273,0.2741,0.2096
97.0874,-0.0172,0.2843,0.1237
97.1209,-0.0074,0.2861,0.0487
97.1543,0.0017,0.2891,-0.0397
97.1878,0.0106,0.2851,-0.1399
97.2213,0.0207,0.2837,-0.2407
97.2548,0.0307,0.2770,-0.3429
97.2882,0.0397,0.2657,-0.4617
97.3217,0.0499,0.2476,-0.5531
97.3552,0.0575,0.2321,-0.6490
97.3887,0.0664,0.2086,-0.7223
97.4222,0.0727,0.1848,-0.7834
97.4556,0.0779,0.1591,-0.8512
97.4891,0.0842,0.1278,-0.8925
97.5226,0.0880,0.0950,-0.9335
97.5561,0.0918,0.0647,-0.9417
97.5896,0.0943,0.0308,-0.9289
97.6230,0.0943,-0.0023,-0.9183
97.6565,0.0944,-0.0272,-0.9064
97.6900,0.0944,-0.0598,-0.8614
97.7235,0.0918,-0.0869,-0.8196
97.7569,0.0881,-0.1165,-0.7805
97.7904,0.0843,-0.1436,-0.7224
97.8239,0.0792,-0.1659,-0.6730
97.8574,0.0741,-0.1882,-0.6257
97.8909,0.0678,-0.2058,-0.5596
97.9243,0.0602,-0.2235,-0.5110
97.9578,0.0539,-0.2444,-0.4568
97.9913,0.0463,-0.2579,-0.3644
98.0248,0.0362,-0.2677,-0.2851
98.0583,0.0273,-0.2802,-0.1985
98.0917,0.0183,-0.2908,-0.1197
98.1252,0.0094,-0.2921,-0.0231
98.1587,-0.0007,-0.2954,0.0779
98.1922,-0.0104,-0.2937,0.1737
98.2256,-0.0205,-0.2868,0.2897
98.2591,-0.0312,-0.2805,0.4022
98.2926,-0.0407,-0.2641,0.4944
98.3261,-0.0489,-0.2434,0.5919
98.3596,-0.0579,-0.2258,0.6809
98.3930,-0.0660,-0.2055,0.7515
98.4265,-0.0723,-0.1800,0.7945
98.4600,-0.0773,-0.1492,0.8502
98.4935,-0.0837,-0.1225,0.8747
98.5270,-0.0874,-0.0920,0.8899
98.5604,-0.0897,-0.0578,0.8949
98.5939,-0.0922,-0.0283,0.8767
98.6274,-0.0924,-0.0000,0.8554
98.6609,-0.0923,0.0286,0.8412
98.6943,-0.0923,0.0548,0.8084
98.7278,-0.0911,0.0816,0.7601
98.7613,-0.0873,0.1051,0.7075
98.7948,-0.0834,0.1323,0.6680
98.8283,-0.0797,0.1524,0.6127
98.8617,-0.0734,0.1736,0.5620
98.8952,-0.0668,0.1919,0.5297
98.9287,-0.0618,0.2087,0.4857
98.9622,-0.0556,0.2240,0.4273
98.9956,-0.0480,0.2409,0.3684
99.0291,-0.0392,0.2518,0.3023
99.0626,-0.0307,0.2591,0.2377
99.0961,-0.0229,0.2669,0.1601
99.1296,-0.0128,0.2754,0.0816
99.1630,-0.0039,0.2790,-0.0023
99.1965,0.0049,0.2813,-0.0865
99.2300,0.0138,0.2812,-0.1965
99.2635,0.0239,0.2730,-0.2882
99.2970,0.0328,0.2608,-0.3906
99.3304,0.0429,0.2489,-0.4812
99.3639,0.0505,0.2334,-0.5747
99.3974,0.0582,0.2145,-0.6662
99.4309,0.0658,0.1906,-0.7440
99.4643,0.0734,0.1647,-0.8031
99.4978,0.0785,0.1402,-0.8532
99.5313,0.0824,0.1088,-0.8852
99.5648,0.0862,0.0750,-0.8995
99.5983,0.0888,0.0499,-0.9098
99.6317,0.0903,0.0156,-0.9039
99.6652,0.0913,-0.0143,-0.8864
99.6987,0.0900,-0.0435,-0.8577
99.7322,0.0888,-0.0717,-0.8179
99.7657,0.0862,-0.0986,-0.7674
99.7991,0.0825,-0.1239,-0.7062
99.8326,0.0799,-0.1473,-0.6348
99.8661,0.0736,-0.1684,-0.5533
99.8996,0.0685,-0.1869,-0.4619
99.9330,0.0634,-0.2025,-0.3610
